frame,par1,par2,par3,par4,par5,par6,media
39,148.46,197.78,222.83,51.49,371.15,420.57,235.38
40,201.65,412.72,334.9,211.15,134.42,79.88,229.12
41,201.65,412.72,334.9,211.15,134.42,79.88,229.12
42,88.48,123.23,276.18,204.27,193.29,396.9,213.725
43,88.48,123.23,276.18,204.27,193.29,396.9,213.725
44,189.59,212.84,,399.32,,,267.25
45,400.39,,,,,,400.39
46,244.68,165.18,,402.32,,,270.726666666667
47,244.68,165.18,,402.32,,,270.726666666667
48,281.06,133.93,,400.85,,,271.946666666667
49,281.06,133.93,,400.85,,,271.946666666667
50,86.76,268.23,,335.05,,,230.013333333333
51,86.76,268.23,,335.05,,,230.013333333333
52,269.08,,,,,,269.08
53,262.48,,,,,,262.48
54,299.24,,,,,,299.24
55,332.4,,,,,,332.4
56,361.51,207.19,,154.67,,,241.123333333333
57,234.8,121.05,,355.77,,,237.206666666667
58,290.54,,,,,,290.54
59,312.57,,,,,,312.57
60,312.57,,,,,,312.57
61,163,,,,,,163,00
62,391.22,226.16,,165.06,,,260.813333333333
63,138.03,,,,,,138.03
64,107.09,,,,,,107.09
65,107.09,,,,,,107.09
68,195.84,,,,,,195.84
69,195.84,,,,,,195.84
70,248.54,,,,,,248.54
71,268.42,486.72,,232.39,,,329.176666666667
72,462.34,281.49,,192.38,,,312.07
73,438.74,283.97,,167.01,,,296.573333333333
74,414.55,280.67,,145.73,,,280.316666666667
75,386.51,280.74,,118.16,,,261.803333333333
76,386.51,280.74,,118.16,,,261.803333333333
78,277.88,,,,,,277.88
79,229.75,,,,,,229.75
80,229.75,,,,,,229.75
81,244.74,118.37,108.87,134.64,333.48,198.88,189.83
82,244.74,118.37,108.87,134.64,333.48,198.88,189.83
83,185.82,378.75,,195.5,,,253.356666666667
84,174.5,239.98,,413.43,,,275.97
85,275.73,164.55,152.75,440.24,125.74,316.34,245.891666666667
86,154.83,468.05,359.56,313.36,204.74,110,268.423333333333
87,140.65,471.33,381.37,331.51,241.06,91.25,276.195
88,132.55,472.12,,342.26,,,315.643333333333
89,470.18,137.83,,335.83,,,314.613333333333
90,141.57,470.39,419.16,332.62,280.56,52.63,282.821666666667
91,130.8,,,,,,130.8
92,135.81,,,,,,135.81
93,135.81,,,,,,135.81
94,143.88,,,,,,143.88
95,143.88,,,,,,143.88
96,140.72,,,,,,140.72
97,140.72,,,,,,140.72
99,122.23,,,,,,122.23
100,118.81,,,,,,118.81
101,297.82,106.8,398.73,199.83,100.95,300.12,234.041666666667
102,297.82,106.8,398.73,199.83,100.95,300.12,234.041666666667
103,268.06,335.36,,67.5,,,223.64
104,268.06,335.36,,67.5,,,223.64
105,168.64,264.76,,432.31,,,288.57
106,242.96,,,,,,242.96
107,278.79,,,,,,278.79
108,302.12,,,,,,302.12
109,320.56,,,,,,320.56
110,376.59,,,,,,376.59
111,376.59,,,,,,376.59
114,174.77,546.99,,376.27,,,366.01
115,174.77,546.99,,376.27,,,366.01
116,481.12,104.91,,383.09,,,323.04
117,481.12,104.91,,383.09,,,323.04
118,419.38,,,,,,419.38
119,398.62,,,,,,398.62
120,398.62,,,,,,398.62
121,364.69,,,,,,364.69
122,353.1,396.73,,47.72,,,265.85
123,353.1,396.73,,47.72,,,265.85
124,367.04,,,,,,367.04
125,367.04,,,,,,367.04
126,350.77,,,,,,350.77
127,339.01,,,,,,339.01
128,339.01,,,,,,339.01
129,335.68,,,,,,335.68
130,335.68,,,,,,335.68
131,342,,,,,,342,00
133,389.54,,,,,,389.54
134,413.07,,,,,,413.07
135,470.74,,,,,,470.74
136,528.91,,,,,,528.91
137,528.91,,,,,,528.91
138,399.07,,,,,,399.07
139,399.07,,,,,,399.07
140,410.14,,,,,,410.14
141,420.73,,,,,,420.73
142,420.73,,,,,,420.73
144,418.32,,,,,,418.32
145,421.88,,,,,,421.88
146,424.64,,,,,,424.64
147,425.49,,,,,,425.49
156,401.78,,,,,,401.78
157,401.78,,,,,,401.78
158,399.93,,,,,,399.93
167,398.4,,,,,,398.4
168,401.66,,,,,,401.66
169,401.66,,,,,,401.66
177,406.69,,,,,,406.69
178,403.55,,,,,,403.55
179,403.55,,,,,,403.55
188,347.17,,,,,,347.17
189,347.17,,,,,,347.17
191,337.74,,,,,,337.74
192,341.98,,,,,,341.98
193,341.98,,,,,,341.98
194,342.49,,,,,,342.49
195,342.77,,,,,,342.77
196,342.77,,,,,,342.77
197,348.67,,,,,,348.67
199,355,,,,,,355,00
200,346.81,,,,,,346.81
296,359.37,,,,,,359.37
299,343.84,,,,,,343.84
300,343.84,,,,,,343.84
348,324.69,,,,,,324.69
349,324.69,,,,,,324.69
350,315.55,,,,,,315.55
351,319.75,,,,,,319.75
352,314.69,,,,,,314.69
353,302.66,,,,,,302.66
354,302.66,,,,,,302.66
356,426.98,,,,,,426.98
363,206.63,,,,,,206.63
364,206.63,,,,,,206.63
367,186.93,,,,,,186.93
368,186.93,,,,,,186.93
369,173.33,,,,,,173.33
370,173.33,,,,,,173.33
378,284.58,,,,,,284.58
379,280.83,,,,,,280.83
380,280.83,,,,,,280.83
381,272.24,,,,,,272.24
382,272.24,,,,,,272.24
383,264.37,,,,,,264.37
384,287.78,,,,,,287.78
385,287.78,,,,,,287.78
386,273.02,,,,,,273.02
387,285.1,,,,,,285.1
411,137.69,,,,,,137.69
412,114.82,,,,,,114.82
413,114.82,,,,,,114.82
414,99.24,,,,,,99.24
415,96.72,,,,,,96.72
416,96.72,,,,,,96.72
420,125.44,,,,,,125.44
421,150.74,,,,,,150.74
422,159.27,,,,,,159.27
423,159.27,,,,,,159.27
424,184.96,,,,,,184.96
425,208.34,,,,,,208.34
426,218.4,,,,,,218.4
427,218.4,,,,,,218.4
429,243.3,,,,,,243.3
430,237.44,,,,,,237.44
431,242.25,,,,,,242.25
432,242.25,,,,,,242.25
433,239.34,,,,,,239.34
434,239.34,,,,,,239.34
435,260.9,,,,,,260.9
436,260.9,,,,,,260.9
439,243.11,,,,,,243.11
440,260.9,,,,,,260.9
441,260.9,,,,,,260.9
442,267.88,,,,,,267.88
443,270.09,,,,,,270.09
444,284.19,,,,,,284.19
445,296.32,,,,,,296.32
453,242.67,,,,,,242.67
454,243.03,,,,,,243.03
455,243.03,,,,,,243.03
456,241.9,,,,,,241.9
457,241.9,,,,,,241.9
458,241.36,,,,,,241.36
459,241.36,,,,,,241.36
460,242.69,,,,,,242.69
461,242.51,,,,,,242.51
462,243.29,,,,,,243.29
463,240.07,,,,,,240.07
464,240.07,,,,,,240.07
465,234.51,,,,,,234.51
466,234.51,,,,,,234.51
467,232.36,,,,,,232.36
468,232.36,,,,,,232.36
469,228.51,,,,,,228.51
470,227.72,,,,,,227.72
471,226.67,,,,,,226.67
472,224.37,,,,,,224.37
473,224.37,,,,,,224.37
474,223.1,,,,,,223.1
475,222.04,,,,,,222.04
476,222.04,,,,,,222.04
477,222.04,,,,,,222.04
478,227.18,,,,,,227.18
479,227.65,,,,,,227.65
480,227.65,,,,,,227.65
482,234.92,,,,,,234.92
483,235.01,,,,,,235.01
484,232.46,,,,,,232.46
485,232.49,,,,,,232.49
486,227.91,,,,,,227.91
487,228.85,,,,,,228.85
488,227.53,,,,,,227.53
489,226.17,,,,,,226.17
490,226.17,,,,,,226.17
491,225.21,,,,,,225.21
492,225.21,,,,,,225.21
493,231.13,,,,,,231.13
494,231.13,,,,,,231.13
499,211.93,,,,,,211.93
500,211.93,,,,,,211.93
501,209.42,,,,,,209.42
502,210.32,,,,,,210.32
503,207.43,,,,,,207.43
504,207.43,,,,,,207.43
505,334.77,210.8,,125.3,,,223.623333333333
506,334.77,210.8,,125.3,,,223.623333333333
507,211.96,,,,,,211.96
508,211.96,,,,,,211.96
509,329.64,212.86,,117.36,,,219.953333333333
527,133.79,,,,,,133.79
528,136.83,,,,,,136.83
529,136.83,,,,,,136.83
534,455.35,,,,,,455.35
535,455.35,,,,,,455.35
551,168.41,,,,,,168.41
560,181.41,,,,,,181.41
561,181.41,,,,,,181.41
568,176.62,,,,,,176.62
569,176.62,,,,,,176.62
570,177.61,,,,,,177.61
571,177.9,,,,,,177.9
572,178.57,,,,,,178.57
573,178.57,,,,,,178.57
574,176.7,,,,,,176.7
575,178.15,,,,,,178.15
576,178.15,,,,,,178.15
577,180.99,,,,,,180.99
578,180.97,,,,,,180.97
579,181.97,,,,,,181.97
584,189.83,,,,,,189.83
585,346.81,,,,,,346.81
586,346.81,,,,,,346.81
587,188.6,,,,,,188.6
588,193.6,,,,,,193.6
589,193.6,,,,,,193.6
610,319.15,,,,,,319.15
611,319.15,,,,,,319.15
612,313.07,,,,,,313.07
613,313.07,,,,,,313.07
614,310.21,,,,,,310.21
615,310.21,,,,,,310.21
616,307.66,,,,,,307.66
617,304.86,,,,,,304.86
618,299.8,,,,,,299.8
619,296.13,,,,,,296.13
620,293.6,,,,,,293.6
621,291.88,,,,,,291.88
622,157.22,293,469.01,144.65,317.91,176.02,259.635
623,157.02,292.28,,143.68,,,197.66
624,157.21,468.4,291.72,317.48,143.69,176.68,259.196666666667
625,157.28,290.71,468.33,141.9,317.43,177.65,258.883333333333
626,157.08,289.39,468.15,141.65,317.31,178.78,258.726666666667
627,157.08,289.39,468.15,141.65,317.31,178.78,258.726666666667
628,287.54,182.98,,470.52,,,313.68
629,287.54,182.98,,470.52,,,313.68
630,285.93,138.49,185.7,156.59,471.63,321.59,259.988333333333
631,285.93,138.49,185.7,156.59,471.63,321.59,259.988333333333
632,285.66,158.55,,136.89,,,193.7
633,285.66,158.55,,136.89,,,193.7
634,285.94,,,,,,285.94
635,285.94,,,,,,285.94
636,287.15,,,,,,287.15
637,285.8,,,,,,285.8
638,285.8,,,,,,285.8
639,286.26,,,,,,286.26
640,286.26,,,,,,286.26
641,287.08,,,,,,287.08
648,295.93,,,,,,295.93
649,295.93,,,,,,295.93
650,294.67,,,,,,294.67
651,294.67,,,,,,294.67
652,294.21,,,,,,294.21
653,294.21,,,,,,294.21
654,298.99,,,,,,298.99
655,298.99,,,,,,298.99
656,299.52,,,,,,299.52
657,299.52,,,,,,299.52
658,300.25,,,,,,300.25
659,301.08,,,,,,301.08
660,301.89,,,,,,301.89
661,302.86,,,,,,302.86
662,305.93,,,,,,305.93
663,305.93,,,,,,305.93
664,304.14,,,,,,304.14
665,303.93,,,,,,303.93
666,302.53,,,,,,302.53
667,302.53,,,,,,302.53
668,299,,,,,,299,00
669,298.74,169.45,,466.62,,,311.603333333333
670,155.6,298.07,,453.33,,,302.333333333333
671,147.52,299,,446.48,,,297.666666666667
672,136.85,436.6,,300.09,,,291.18
673,133.75,431.91,,300.13,,,288.596666666667
674,133.75,431.91,,300.13,,,288.596666666667
675,138.21,434.31,,300.28,,,290.933333333333
676,138.21,434.31,,300.28,,,290.933333333333
677,141.85,437.71,,300.97,,,293.51
678,141.85,437.71,,300.97,,,293.51
679,140.78,437.25,,302.1,,,293.376666666667
680,139.43,435.42,,301.54,,,292.13
681,139.43,435.42,,301.54,,,292.13
682,437.94,,,,,,437.94
683,439.25,140.91,,303.47,,,294.543333333333
684,439.25,140.91,,303.47,,,294.543333333333
685,136.31,434.46,,304.92,,,291.896666666667
686,136.31,434.46,,304.92,,,291.896666666667
687,141.02,441.9,,305.65,,,296.19
688,141.02,441.9,,305.65,,,296.19
691,158.96,,,,,,158.96
692,158.96,,,,,,158.96
693,160.9,,,,,,160.9
694,160.9,,,,,,160.9
695,160.11,,,,,,160.11
696,300.96,458.65,,160.75,,,306.786666666667
697,301.7,460.2,,161.27,,,307.723333333333
698,301.7,460.2,,161.27,,,307.723333333333
699,461.73,301.52,,161.31,,,308.186666666667
700,461.73,301.52,,161.31,,,308.186666666667
702,301.8,,,,,,301.8
703,301.96,,,,,,301.96
704,302.23,,,,,,302.23
705,302.08,,,,,,302.08
706,301.62,,,,,,301.62
707,301.62,,,,,,301.62
708,143.34,,,,,,143.34
709,183.29,447.24,,275.12,,,301.883333333333
710,182.07,445.63,,274.94,,,300.88
711,444.86,180.06,312.44,275.28,139.21,137.15,248.166666666667
712,443.7,177.22,314.96,275.8,136.39,141.3,248.228333333333
713,274.63,139.57,,136.76,,,183.653333333333
714,274.63,139.57,,136.76,,,183.653333333333
715,273.13,140.78,,134.23,,,182.713333333333
716,273.13,140.78,,134.23,,,182.713333333333
718,270.23,140.02,,132.7,,,180.983333333333
719,273.28,141.99,,133.25,,,182.84
720,273.28,141.99,,133.25,,,182.84
721,273.28,141.99,,133.25,,,182.84
722,273.28,141.99,,133.25,,,182.84
723,272.52,140.97,,134.03,,,182.506666666667
724,133.5,272.88,,141.41,,,182.596666666667
725,273.81,133.39,,142.06,,,183.086666666667
726,272.94,133.54,,140.89,,,182.456666666667
727,272.07,141.72,,132.74,,,182.176666666667
728,268.17,136.8,,133.29,,,179.42
729,268.17,136.8,,133.29,,,179.42
730,268.42,138.28,,131.67,,,179.456666666667
731,268.42,138.28,,131.67,,,179.456666666667
732,268.72,135.27,,134.38,,,179.456666666667
733,269.41,135.35,,136.09,,,180.283333333333
734,269.41,135.35,,136.09,,,180.283333333333
735,267.46,136.41,,132.72,,,178.863333333333
736,267.46,136.41,,132.72,,,178.863333333333
737,254.72,121.15,,136.18,,,170.683333333333
739,120.74,256.17,,137.69,,,171.533333333333
742,130.17,,,,,,130.17
743,134.04,,,,,,134.04
744,427.91,169.81,,264.78,,,287.5
745,427.91,169.81,,264.78,,,287.5
746,268.54,134.02,,135.79,,,179.45
747,248.37,,,,,,248.37
748,248.37,,,,,,248.37
749,225.45,101.67,,132.47,,,153.196666666667
750,225.45,101.67,,132.47,,,153.196666666667
753,153.12,,,,,,153.12
754,157.25,,,,,,157.25
755,157.25,,,,,,157.25
756,156.04,,,,,,156.04
757,156.04,,,,,,156.04
758,157.86,,,,,,157.86
759,157.86,,,,,,157.86
760,152.92,,,,,,152.92
761,152.92,,,,,,152.92
762,144.55,,,,,,144.55
763,155.32,,,,,,155.32
764,155.32,,,,,,155.32
766,154.46,,,,,,154.46
767,156.94,,,,,,156.94
768,151.56,,,,,,151.56
769,152.62,,,,,,152.62
772,135.46,,,,,,135.46
773,135.46,,,,,,135.46
774,140.56,,,,,,140.56
775,146.53,,,,,,146.53
776,146.53,,,,,,146.53
777,143.68,,,,,,143.68
778,143.68,,,,,,143.68
779,149.29,,,,,,149.29
782,270.69,135.6,,405.37,,,270.553333333333
783,270.69,135.6,,405.37,,,270.553333333333
784,132.43,,,,,,132.43
785,133.1,,,,,,133.1
786,282.61,406.1,,125.18,,,271.296666666667
787,282.61,406.1,,125.18,,,271.296666666667
788,138.13,,,,,,138.13
789,138.13,,,,,,138.13
790,131.95,413.51,,282.25,,,275.903333333333
793,136.23,,,,,,136.23
794,131.73,,,,,,131.73
795,139.19,,,,,,139.19
796,139.19,,,,,,139.19
797,398.25,120.19,,279.4,,,265.946666666667
804,277.48,,,,,,277.48
811,278.01,,,,,,278.01
812,278.01,,,,,,278.01
813,135.62,,,,,,135.62
814,136.24,416.41,,281.5,,,278.05
815,136.24,416.41,,281.5,,,278.05
816,135.68,,,,,,135.68
817,135.68,,,,,,135.68
818,137.08,416.88,,281.13,,,278.363333333333
819,136.24,,,,,,136.24
820,136.24,,,,,,136.24
837,248.73,,,,,,248.73
838,248.73,,,,,,248.73
839,260.38,,,,,,260.38
840,260.38,,,,,,260.38
863,171.77,,,,,,171.77
864,154.37,,,,,,154.37
865,154.37,,,,,,154.37
866,114.44,,,,,,114.44
867,100.51,,,,,,100.51
874,87.2,,,,,,87.2
875,114.19,,,,,,114.19
876,136.78,,,,,,136.78
877,146.57,,,,,,146.57
878,165.67,,,,,,165.67
879,165.67,,,,,,165.67
886,289.28,,,,,,289.28
887,289.28,,,,,,289.28
898,134.91,,,,,,134.91
899,149.04,,,,,,149.04
900,402.06,,,,,,402.06
901,402.06,,,,,,402.06
902,267.31,143.88,,132.02,,,181.07
903,368.29,243.35,128.18,125.35,244.05,122.42,205.273333333333
904,112.54,130.32,,236.47,,,159.776666666667
905,112.54,130.32,,236.47,,,159.776666666667
906,96.81,171.64,,261.64,,,176.696666666667
907,96.81,171.64,,261.64,,,176.696666666667
908,215.44,,,,,,215.44
909,215.44,,,,,,215.44
912,333.15,201.45,,152.45,,,229.016666666667
913,333.15,201.45,,152.45,,,229.016666666667
914,217.04,,,,,,217.04
916,292.24,,,,,,292.24
918,345.65,,,,,,345.65
919,358.66,,,,,,358.66
920,259.07,,,,,,259.07
921,259.07,,,,,,259.07
922,395.62,,,,,,395.62
923,395.62,,,,,,395.62
926,470.19,,,,,,470.19
927,297.03,440.21,,151.14,,,296.126666666667
928,374.61,,,,,,374.61
933,197.25,,,,,,197.25
934,197.25,,,,,,197.25
935,181.56,365.99,,199.78,,,249.11
936,147.71,239.81,,370.61,,,252.71
937,123.26,,,,,,123.26
938,123.26,,,,,,123.26
939,87.91,,,,,,87.91
941,108.91,,,,,,108.91
946,209.83,105.66,,280.38,,,198.623333333333
947,132.25,,,,,,132.25
948,132.25,,,,,,132.25
949,85.61,,,,,,85.61
957,420.16,,,,,,420.16
958,410.18,,,,,,410.18
959,410.18,,,,,,410.18
960,285.48,,,,,,285.48
961,243.86,,,,,,243.86
962,243.86,,,,,,243.86
963,181.45,264.59,,92.34,,,179.46
964,181.45,264.59,,92.34,,,179.46
965,178.06,,,,,,178.06
966,178.06,,,,,,178.06
967,104.66,,,,,,104.66
968,104.66,,,,,,104.66
969,141.45,,,,,,141.45
974,127.28,,,,,,127.28
978,138.08,,,,,,138.08
979,138.08,,,,,,138.08
981,272.85,,,,,,272.85
1000,77.74,,,,,,77.74
1051,104.4,,,,,,104.4
1056,124.99,,,,,,124.99
1057,124.99,,,,,,124.99
1067,132.84,,,,,,132.84
1068,108.55,,,,,,108.55
1069,108.55,,,,,,108.55
1075,97.24,,,,,,97.24
1076,97.24,,,,,,97.24
1084,147.81,,,,,,147.81
1085,147.81,,,,,,147.81
1092,144.47,,,,,,144.47
1094,84.13,,,,,,84.13
1095,139.18,,,,,,139.18
1096,139.18,,,,,,139.18
1098,95.39,,,,,,95.39
1099,220.14,,,,,,220.14
1100,220.14,,,,,,220.14
1109,143.75,,,,,,143.75
1110,143.75,,,,,,143.75
1115,177.98,272.64,,95.19,,,181.936666666667
1116,177.98,272.64,,95.19,,,181.936666666667
1119,111.92,,,,,,111.92
1122,169.42,,,,,,169.42
1124,127.82,,,,,,127.82
1125,127.82,,,,,,127.82
1128,224.64,111.71,,116.09,,,150.813333333333
1129,112.46,,,,,,112.46
1130,112.46,,,,,,112.46
1139,205.62,,,,,,205.62
1140,205.62,,,,,,205.62
1141,208.7,,,,,,208.7
1142,208.7,,,,,,208.7
1148,285.62,,,,,,285.62
1149,270.6,,,,,,270.6
1152,231.4,,,,,,231.4
1201,111.91,,,,,,111.91
1202,111.91,,,,,,111.91
1203,121.37,,,,,,121.37
1204,121.37,,,,,,121.37
1206,124.89,,,,,,124.89
1211,152.58,,,,,,152.58
1212,155.4,,,,,,155.4
1213,155.4,,,,,,155.4
1215,160.81,,,,,,160.81
1221,139.56,,,,,,139.56
1222,139.56,,,,,,139.56
1223,137.09,,,,,,137.09
1247,104.65,,,,,,104.65
1248,112.83,,,,,,112.83
1254,150.96,,,,,,150.96
1307,129.89,,,,,,129.89
1308,129.89,,,,,,129.89
1309,125.87,,,,,,125.87
1310,125.87,,,,,,125.87
1311,127.06,,,,,,127.06
1312,127.06,,,,,,127.06
1313,122.96,,,,,,122.96
1314,122.11,,,,,,122.11
1315,113.44,,,,,,113.44
1316,113.44,,,,,,113.44
1317,118.63,,,,,,118.63
1318,118.63,,,,,,118.63
1319,123.91,,,,,,123.91
1320,122.2,,,,,,122.2
1321,122.2,,,,,,122.2
1322,131.39,,,,,,131.39
1323,131.39,,,,,,131.39
1324,135.32,,,,,,135.32
1325,133,,,,,,133,00
1326,142.82,,,,,,142.82
1327,144,,,,,,144,00
1328,138.16,,,,,,138.16
1329,132.33,,,,,,132.33
1330,126.54,,,,,,126.54
1331,126.54,,,,,,126.54
1332,124.55,,,,,,124.55
1334,120.04,,,,,,120.04
1335,120.04,,,,,,120.04
1339,231.99,,,,,,231.99
1340,231.99,,,,,,231.99
1344,132.48,253.74,,169.13,,,185.116666666667
1345,132.48,253.74,,169.13,,,185.116666666667
1346,232.44,,,,,,232.44
1347,232.44,,,,,,232.44
1348,220.38,,,,,,220.38
1349,230.15,,,,,,230.15
1350,229.92,,,,,,229.92
1351,229.92,,,,,,229.92
1352,213.46,,,,,,213.46
1353,210.71,,,,,,210.71
1354,205.69,,,,,,205.69
1355,210.66,,,,,,210.66
1356,210.66,,,,,,210.66
1357,208.51,,,,,,208.51
1358,205.03,,,,,,205.03
1359,205.03,,,,,,205.03
1360,211.35,,,,,,211.35
1361,219.4,,,,,,219.4
1362,209.82,,,,,,209.82
1363,211.06,,,,,,211.06
1364,211.06,,,,,,211.06
1365,215.23,,,,,,215.23
1369,130.29,134.27,,211.62,,,158.726666666667
1371,192.26,,,,,,192.26
1372,99.18,193.01,,281.99,,,191.393333333333
1373,99.18,193.01,,281.99,,,191.393333333333
1374,204.59,341.91,,166.03,,,237.51
1375,211.07,348.7,,166.44,,,242.07
1376,211.07,348.7,,166.44,,,242.07
1377,200.87,168.14,,340.57,,,236.526666666667
1378,168.46,,,,,,168.46
1379,164.22,308.97,,168.59,,,213.926666666667
1380,164.22,308.97,,168.59,,,213.926666666667
1381,274.14,,,,,,274.14
1383,154.57,,,,,,154.57
1389,138.49,,,,,,138.49
1390,137.2,,,,,,137.2
1391,138.84,,,,,,138.84
1392,138.17,,,,,,138.17
1393,137.4,,,,,,137.4
1394,136.47,,,,,,136.47
1395,136.47,,,,,,136.47
1400,127.59,,,,,,127.59
1401,128.28,,,,,,128.28
1404,127.88,84.53,,205.67,,,139.36
1405,127.93,,,,,,127.93
1406,127.93,,,,,,127.93
1458,111.48,,,,,,111.48
1481,215.42,,,,,,215.42
1482,215.42,,,,,,215.42
1487,217.18,,,,,,217.18
1488,217.18,,,,,,217.18
1495,206.91,,,,,,206.91
1496,206.91,,,,,,206.91
1497,210.07,,,,,,210.07
1508,214.36,,,,,,214.36
1509,214.36,,,,,,214.36
1516,181.81,,,,,,181.81
1576,90.5,,,,,,90.5
1577,102.41,,,,,,102.41
1578,132.91,,,,,,132.91
1579,132.91,,,,,,132.91
1580,133.58,274.1,,147.79,,,185.156666666667
1581,133.58,274.1,,147.79,,,185.156666666667
1584,177.05,,,,,,177.05
1585,177.05,,,,,,177.05
1586,256.92,111.1,,150.92,,,172.98
1587,256.92,111.1,,150.92,,,172.98
1588,241.11,105.83,,146.53,,,164.49
1589,241.11,105.83,,146.53,,,164.49
1593,148.29,133.25,,98.41,,,126.65
1594,148.29,133.25,,98.41,,,126.65
1595,146.51,,,,,,146.51
1596,146.51,,,,,,146.51
1597,150.41,,,,,,150.41
1606,152.2,,,,,,152.2
1607,149.85,,,,,,149.85
1608,150.22,,,,,,150.22
1609,150.22,,,,,,150.22
1610,150.22,,,,,,150.22
1612,149.29,,,,,,149.29
1613,149.29,,,,,,149.29
1614,145.49,,,,,,145.49
1615,145.49,,,,,,145.49
1622,141.46,,,,,,141.46
1623,141.46,,,,,,141.46
1625,130.25,,,,,,130.25
1626,130.25,,,,,,130.25
1627,144.3,,,,,,144.3
1630,115.01,,,,,,115.01
1631,115.01,,,,,,115.01
1632,188.87,,,,,,188.87
1633,236.95,,,,,,236.95
1634,236.95,,,,,,236.95
1635,194.89,,,,,,194.89
1636,194.89,,,,,,194.89
1637,183.85,,,,,,183.85
1638,150.81,,,,,,150.81
1639,150.81,,,,,,150.81
1640,141.18,,,,,,141.18
1641,141.18,,,,,,141.18
1642,139.89,,,,,,139.89
1643,139.89,,,,,,139.89
1644,137.58,,,,,,137.58
1645,137.58,,,,,,137.58
1646,133.25,,,,,,133.25
1647,144.78,,,,,,144.78
1652,178.98,,,,,,178.98
1653,178.98,,,,,,178.98
1654,200.1,,,,,,200.1
1655,205.09,,,,,,205.09
1656,212.65,,,,,,212.65
1657,212.65,,,,,,212.65
1659,222.08,,,,,,222.08
1660,222.08,,,,,,222.08
1662,173.26,,,,,,173.26
1664,162.99,,,,,,162.99
1665,164.69,,,,,,164.69
1666,164.1,,,,,,164.1
1667,164.1,,,,,,164.1
1668,163.14,,,,,,163.14
1669,163.14,,,,,,163.14
1674,162.15,,,,,,162.15
1677,282.82,,,,,,282.82
1678,286.8,,,,,,286.8
1684,264.93,,,,,,264.93
1685,264.93,,,,,,264.93
1686,263.31,,,,,,263.31
1692,269.1,,,,,,269.1
1693,271.8,,,,,,271.8
1694,271.8,,,,,,271.8
1698,199.57,,,,,,199.57
1699,199.2,,,,,,199.2
1700,199.2,,,,,,199.2
1701,201.48,,,,,,201.48
1702,205.6,,,,,,205.6
1703,205.6,,,,,,205.6
1704,210.26,,,,,,210.26
1705,210.26,,,,,,210.26
1706,214.42,,,,,,214.42
1707,214.42,,,,,,214.42
1708,202.07,,,,,,202.07
1709,202.07,,,,,,202.07
1721,247.42,,,,,,247.42
1723,303.47,,,,,,303.47
1724,296.75,,,,,,296.75
1725,296.75,,,,,,296.75
1726,285.87,,,,,,285.87
1727,283.38,,,,,,283.38
1728,280.91,,,,,,280.91
1729,280.91,,,,,,280.91
1730,285.51,,,,,,285.51
1731,284.21,,,,,,284.21
1732,284.21,,,,,,284.21
1733,288.33,,,,,,288.33
1734,293.03,,,,,,293.03
1735,292.73,,,,,,292.73
1736,292.73,,,,,,292.73
1737,291.8,,,,,,291.8
1738,291.8,,,,,,291.8
1739,281.54,,,,,,281.54
1740,256.54,,,,,,256.54
1741,256.54,,,,,,256.54
1742,256.73,,,,,,256.73
1745,278.55,,,,,,278.55
1746,278.55,,,,,,278.55
1752,285.27,130.71,,408.48,,,274.82
1753,285.27,130.71,,408.48,,,274.82
1754,109.66,379.32,,279.65,,,256.21
1755,368.8,,,,,,368.8
1756,368.8,,,,,,368.8
1757,346.04,,,,,,346.04
1758,344.09,,,,,,344.09
1759,333.7,,,,,,333.7
1760,333.7,,,,,,333.7
1762,300.02,,,,,,300.02
1763,300.02,,,,,,300.02
1768,107.52,230.42,,328.99,,,222.31
1769,107.52,230.42,,328.99,,,222.31
1770,135.61,305.64,,173.04,,,204.763333333333
1771,135.61,305.64,,173.04,,,204.763333333333
1772,151.83,152.8,,298.98,,,201.203333333333
1773,145.25,144.63,,287.55,,,192.476666666667
1774,148.7,,,,,,148.7
1775,148.7,,,,,,148.7
1776,167.22,296.27,,129.15,,,197.546666666667
1777,167.22,296.27,,129.15,,,197.546666666667
1778,125.68,,,,,,125.68
1779,125.68,,,,,,125.68
1780,128.04,,,,,,128.04
1781,124.56,,,,,,124.56
1782,124.56,,,,,,124.56
1783,123.14,,,,,,123.14
1784,123.37,,,,,,123.37
1785,122.15,,,,,,122.15
1786,119.04,,,,,,119.04
1787,117.11,,,,,,117.11
1788,117.11,,,,,,117.11
1789,115.69,,,,,,115.69
1790,130.77,,,,,,130.77
1791,130.77,,,,,,130.77
1792,158.57,305.23,,146.92,,,203.573333333333
1793,144.49,,,,,,144.49
1794,139.84,,,,,,139.84
1795,145.02,,,,,,145.02
1796,323.79,185.67,,152.06,,,220.506666666667
1797,145.19,197.21,,331.66,,,224.686666666667
1798,145.19,197.21,,331.66,,,224.686666666667
1799,143.44,,,,,,143.44
1800,143.44,,,,,,143.44
1801,304.67,156.97,,148.03,,,203.223333333333
1802,159.99,,,,,,159.99
1803,160.64,,,,,,160.64
1804,160.64,,,,,,160.64
1805,149.52,,,,,,149.52
1806,149.52,,,,,,149.52
1807,139.37,,,,,,139.37
1808,139.37,,,,,,139.37
1809,310.95,132.03,,178.95,,,207.31
1810,310.95,132.03,,178.95,,,207.31
1811,121.15,,,,,,121.15
1812,121.15,,,,,,121.15
1813,122.57,,,,,,122.57
1814,122.57,,,,,,122.57
1815,111.38,206.15,,97.72,,,138.416666666667
1816,106.38,131.99,,235.85,,,158.073333333333
1817,104.67,,,,,,104.67
1818,108.56,,,,,,108.56
1819,108.56,,,,,,108.56
1820,126.04,,,,,,126.04
1821,126.04,,,,,,126.04
1822,134.16,,,,,,134.16
1823,134.16,,,,,,134.16
1824,143.85,184.51,,323.8,,,217.386666666667
1825,143.85,184.51,,323.8,,,217.386666666667
1826,181.95,144.79,,326.56,,,217.766666666667
1827,181.95,144.79,,326.56,,,217.766666666667
1828,150.04,,,,,,150.04
1829,150.04,,,,,,150.04
1830,147.34,,,,,,147.34
1831,144.93,,,,,,144.93
1832,140,,,,,,140,00
1833,144.92,,,,,,144.92
1834,144.92,,,,,,144.92
1835,139.3,,,,,,139.3
1836,146.35,,,,,,146.35
1837,146.35,,,,,,146.35
1838,151.27,,,,,,151.27
1839,158.85,,,,,,158.85
1840,158.85,,,,,,158.85
1841,164.22,,,,,,164.22
1842,164.22,,,,,,164.22
1843,156.77,,,,,,156.77
1844,156.77,,,,,,156.77
1845,145.66,166.27,,311.6,,,207.843333333333
1846,145.66,166.27,,311.6,,,207.843333333333
1847,142.96,,,,,,142.96
1848,126.36,,,,,,126.36
1849,278.58,135.23,,143.72,,,185.843333333333
1850,294.96,154.24,,141.11,,,196.77
1851,294.96,154.24,,141.11,,,196.77
1852,140.33,,,,,,140.33
1853,133.71,,,,,,133.71
1854,133.71,,,,,,133.71
1855,154.37,,,,,,154.37
1856,171.87,,,,,,171.87
1857,167.08,,,,,,167.08
1858,167.08,,,,,,167.08
1859,184.4,289.18,,105.3,,,192.96
1860,296.98,201.81,,95.77,,,198.186666666667
1861,296.98,201.81,,95.77,,,198.186666666667
1862,290.45,203.98,,92.04,,,195.49
1863,272.19,181.83,,93.11,,,182.376666666667
1864,105.96,279.03,,174.43,,,186.473333333333
1865,98.9,281.7,,184.04,,,188.213333333333
1866,168.06,251.21,,84.53,,,167.933333333333
1867,168.06,251.21,,84.53,,,167.933333333333
1868,115.12,285.07,,173,,,191.063333333333
1869,161.87,251.39,,90.61,,,167.956666666667
1870,161.87,251.39,,90.61,,,167.956666666667
1871,259.74,112.25,,150.32,,,174.103333333333
1872,259.74,112.25,,150.32,,,174.103333333333
1873,223.76,82.97,,140.81,,,149.18
1874,237.79,105.44,,133.83,,,159.02
1875,237.79,105.44,,133.83,,,159.02
1876,127.13,223.52,,96.69,,,149.113333333333
1877,127.13,223.52,,96.69,,,149.113333333333
1878,262.56,118.03,,144.74,,,175.11
1879,262.56,118.03,,144.74,,,175.11
1880,102.1,245.02,,143,,,163.373333333333
1881,147.65,122.52,,269.98,,,180.05
1882,147.65,122.52,,269.98,,,180.05
1883,113.53,134.17,,246.94,,,164.88
1884,113.53,134.17,,246.94,,,164.88
1885,147.55,134.34,,281.89,,,187.926666666667
1886,147.55,134.34,,281.89,,,187.926666666667
1887,267.19,116.07,,151.2,,,178.153333333333
1888,267.19,116.07,,151.2,,,178.153333333333
1889,141,150.75,,291.47,,,194.406666666667
1890,118.75,135.81,,254.52,,,169.693333333333
1891,118.75,135.81,,254.52,,,169.693333333333
1892,157.68,145.56,,303.11,,,202.116666666667
1893,147.57,115.19,,260.02,,,174.26
1894,258.25,147.27,,110.98,,,172.166666666667
1895,156.08,136.09,,292.17,,,194.78
1896,126.65,160.69,,287.12,,,191.486666666667
1897,143.73,115.39,,258.21,,,172.443333333333
1898,126.09,156.2,,265.68,,,182.656666666667
1899,126.09,156.2,,265.68,,,182.656666666667
1900,126.09,156.2,,265.68,,,182.656666666667
1901,126.09,156.2,,265.68,,,182.656666666667
1902,128.86,139.43,,259.23,,,175.84
1903,128.86,139.43,,259.23,,,175.84
1904,139.32,139.85,,268.43,,,182.533333333333
1905,140.25,142.34,,271.02,,,184.536666666667
1906,142.09,145.88,,274.26,,,187.41
1907,142.09,145.88,,274.26,,,187.41
1908,138.31,143.8,,269.29,,,183.8
1909,138.31,143.8,,269.29,,,183.8
1910,140.54,271.9,,144.36,,,185.6
1911,140.54,271.9,,144.36,,,185.6
1912,137.92,144.71,,270.27,,,184.3
1913,139.8,144.19,,271.71,,,185.233333333333
1914,139.8,144.19,,271.71,,,185.233333333333
1915,271.09,141.59,,142.72,,,185.133333333333
1916,271.09,141.59,,142.72,,,185.133333333333
1917,142.05,269.68,,142.76,,,184.83
1918,142.05,269.68,,142.76,,,184.83
1919,145.29,142.73,,269.67,,,185.896666666667
1920,143.31,146.78,,270.91,,,187,00
1921,142.23,149.14,,271.23,,,187.533333333333
1922,151.25,139.28,,271.24,,,187.256666666667
1923,151.25,139.28,,271.24,,,187.256666666667
1924,150.81,139.58,,270.66,,,187.016666666667
1925,150.81,139.58,,270.66,,,187.016666666667
1926,150.95,139.2,,269.92,,,186.69
1927,149.67,139.84,,270.28,,,186.596666666667
1928,150.1,139.49,,270.48,,,186.69
1929,150.34,139.77,,271.16,,,187.09
1930,150.34,139.77,,271.16,,,187.09
1931,137.93,,,,,,137.93
1932,137.93,,,,,,137.93
1933,148.85,138.41,,267.89,,,185.05
1934,148.87,138.71,,268.34,,,185.306666666667
1935,149.15,139.1,,269.19,,,185.813333333333
1936,149.7,139.52,,270.5,,,186.573333333333
1937,149.54,139.13,,270.28,,,186.316666666667
1938,149.54,139.13,,270.28,,,186.316666666667
1939,149.1,140.42,,270.74,,,186.753333333333
1940,149.1,140.42,,270.74,,,186.753333333333
1941,148.87,269.73,,139.4,,,186,00
1942,148.87,269.73,,139.4,,,186,00
1943,149.28,270.26,,139.63,,,186.39
1944,149.28,270.26,,139.63,,,186.39
1945,148.17,269.41,,139.87,,,185.816666666667
1946,147.88,268.55,,139.39,,,185.273333333333
1947,147.88,268.55,,139.39,,,185.273333333333
1948,139.61,152.04,,274.41,,,188.686666666667
1949,163.57,140.22,,290.12,,,197.97
1950,144.75,161.55,,306.18,,,204.16
1951,160.09,154.83,,311.84,,,208.92
1952,160.09,154.83,,311.84,,,208.92
1953,135.77,185.76,,318.64,,,213.39
1954,313.68,132.52,,182.63,,,209.61
1955,320.89,177.88,,149.3,,,216.023333333333
1956,330.01,160.61,,176.56,,,222.393333333333
1957,352.83,176.5,,182.45,,,237.26
1958,178.26,,,,,,178.26
1959,180.5,,,,,,180.5
1960,180.5,,,,,,180.5
1961,180.42,,,,,,180.42
1967,176.48,,,,,,176.48
1968,115.3,251.6,,173.13,,,180.01
1969,123.32,260.02,,170.3,,,184.546666666667
1970,123.32,260.02,,170.3,,,184.546666666667
1971,114.27,170.58,,246.38,,,177.076666666667
1972,170.51,,,,,,170.51
1973,170.51,,,,,,170.51
1974,169.63,,,,,,169.63
1975,169.63,,,,,,169.63
1976,168.22,,,,,,168.22
1977,168.22,,,,,,168.22
1978,169.07,,,,,,169.07
1979,168.56,,,,,,168.56
1980,168.56,,,,,,168.56
1981,168.27,,,,,,168.27
1982,169.47,,,,,,169.47
1983,169.02,,,,,,169.02
1984,169.02,,,,,,169.02
1985,168.67,,,,,,168.67
1986,106.09,250.91,,168.22,,,175.073333333333
1987,106.09,250.91,,168.22,,,175.073333333333
1988,167.88,,,,,,167.88
1989,168.29,,,,,,168.29
1990,167.84,,,,,,167.84
1991,167.84,,,,,,167.84
1992,167.13,,,,,,167.13
1993,167.13,,,,,,167.13
1994,167.18,,,,,,167.18
1995,167.18,,,,,,167.18
1996,164.75,,,,,,164.75
1997,164.75,,,,,,164.75
1998,162.99,,,,,,162.99
1999,162.99,,,,,,162.99
2000,162.07,,,,,,162.07
2001,162.07,,,,,,162.07
2002,160.96,,,,,,160.96
2003,160.96,,,,,,160.96
2004,159.55,,,,,,159.55
2005,159.55,,,,,,159.55
2006,113.54,253.68,,159.32,,,175.513333333333
2007,110.94,252.14,,159.92,,,174.333333333333
2008,159.41,,,,,,159.41
2009,159.41,,,,,,159.41
2010,158.66,,,,,,158.66
2011,155.9,,,,,,155.9
2012,156.29,,,,,,156.29
2013,106.31,248.17,,156.46,,,170.313333333333
2014,104.53,247.78,,156.72,,,169.676666666667
2015,104.53,247.78,,156.72,,,169.676666666667
2017,152.15,,,,,,152.15
2018,100.97,236.9,,147.54,,,161.803333333333
2019,100.97,236.9,,147.54,,,161.803333333333
2021,142.88,,,,,,142.88
2022,142.88,,,,,,142.88
2023,108.28,,,,,,108.28
2024,270.48,176.42,,94.08,,,180.326666666667
2025,270.48,176.42,,94.08,,,180.326666666667
2026,60.6,,,,,,60.6
2027,58.9,,,,,,58.9
2028,58.18,,,,,,58.18
2029,62.85,264.37,,202.03,,,176.416666666667
2030,62.85,264.37,,202.03,,,176.416666666667
2031,125.64,57.19,,180.76,,,121.196666666667
2032,138.56,54.86,,86.9,,,93.44
2038,192.42,,,,,,192.42
2041,296.77,,,,,,296.77
2042,296.77,,,,,,296.77
2049,87.94,,,,,,87.94
2050,87.94,,,,,,87.94
2051,199.54,,,,,,199.54
2056,197.96,,,,,,197.96
2057,197.96,,,,,,197.96
2059,136.15,,,,,,136.15
2060,136.15,,,,,,136.15
2061,177.31,,,,,,177.31
2062,177.31,,,,,,177.31
2063,371.42,171.15,,540.43,,,361,00
2064,371.42,171.15,,540.43,,,361,00
2065,368.13,536.64,,171.21,,,358.66
2066,368.13,536.64,,171.21,,,358.66
2067,363.6,523.81,,163.31,,,350.24
2068,362.99,157.68,,517.43,,,346.033333333333
2069,362.99,157.68,,517.43,,,346.033333333333
2070,360.09,,,,,,360.09
2071,357.37,518.52,,164.57,,,346.82
2072,356.34,145.81,,498.89,,,333.68
2073,353.15,440.74,507.04,92.1,157.51,66.38,269.486666666667
2074,353.15,440.74,507.04,92.1,157.51,66.38,269.486666666667
2075,111.64,274.83,238.95,163.65,350.21,511.95,275.205
2076,111.64,274.83,238.95,163.65,350.21,511.95,275.205
2077,268.41,356.56,118,88.17,386.2,474.38,281.953333333333
2078,268.41,356.56,118,88.17,386.2,474.38,281.953333333333
2079,78.33,,,,,,78.33
2082,293.43,,,,,,293.43
2083,293.43,,,,,,293.43
2084,67.23,,,,,,67.23
2087,307.97,97.09,,224.66,,,209.906666666667
2088,307.97,97.09,,224.66,,,209.906666666667
2089,321.45,105.43,,216.51,,,214.463333333333
2090,321.45,105.43,,216.51,,,214.463333333333
2091,107.09,302.8,,198.37,,,202.753333333333
2092,107.09,302.8,,198.37,,,202.753333333333
2093,131.43,255.92,,134.57,,,173.973333333333
2098,131.33,,,,,,131.33
2099,131.33,,,,,,131.33
2100,126.21,220.59,,113.7,,,153.5
2101,126.21,220.59,,113.7,,,153.5
2102,353.84,127.54,230.94,230.36,157.55,139.16,206.565
2103,353.84,127.54,230.94,230.36,157.55,139.16,206.565
2104,128.8,354.23,234.91,229.08,141.37,156.5,207.481666666667
2105,358.44,128.85,236.99,232.76,157.85,141.25,209.356666666667
2106,126.38,354.1,235.51,231.83,144.64,155.84,208.05
2107,227.97,117.79,140.89,342.37,152.88,226.53,201.405
2108,227.97,117.79,140.89,342.37,152.88,226.53,201.405
2109,105.84,139.69,,210.77,,,152.1
2110,328.39,104.64,208.4,229.77,155.65,141.54,194.731666666667
2111,201.06,321.84,,155.85,,,226.25
2112,201.06,321.84,,155.85,,,226.25
2113,317.34,,,,,,317.34
2114,317.34,,,,,,317.34
2115,146.59,,,,,,146.59
2116,146.59,,,,,,146.59
2117,322.14,,,,,,322.14
2118,322.14,,,,,,322.14
2120,322.19,,,,,,322.19
2121,322.19,,,,,,322.19
2122,320.72,,,,,,320.72
2123,320.72,,,,,,320.72
2124,322.38,,,,,,322.38
2125,323.81,,,,,,323.81
2126,320.52,,,,,,320.52
2129,71.29,317.39,,250.5,,,213.06
2130,72.51,318.65,,249.3,,,213.486666666667
2131,316.9,,,,,,316.9
2132,75.47,315.84,,247.46,,,212.923333333333
2133,311.9,,,,,,311.9
2134,311.9,,,,,,311.9
2135,81.73,312.75,,244.81,,,213.096666666667
2136,81.73,312.75,,244.81,,,213.096666666667
2137,310.48,,,,,,310.48
2138,310.48,,,,,,310.48
2139,313.93,,,,,,313.93
2140,312.66,,,,,,312.66
2141,310.23,,,,,,310.23
2142,310.23,,,,,,310.23
2143,311.26,,,,,,311.26
2144,67.93,243.17,,310.41,,,207.17
2145,68.45,240.69,,307.96,,,205.7
2146,237.8,,,,,,237.8
2147,237.8,,,,,,237.8
2148,237.8,,,,,,237.8
2149,237.8,,,,,,237.8
2150,239.84,,,,,,239.84
2151,239.84,,,,,,239.84
2152,253.62,,,,,,253.62
2153,253.62,,,,,,253.62
2154,175.48,252.94,,415.42,,,281.28
2155,197.25,434.04,151.24,253.38,52.57,305.67,232.358333333333
2156,197.25,434.04,151.24,253.38,52.57,305.67,232.358333333333
2157,292.1,238.26,448.83,54.23,183.16,230.41,241.165
2158,292.8,445.67,235.03,180.17,58.04,229.97,240.28
2159,298.82,445.48,229.03,175.28,69.91,233.95,242.078333333333
2160,298.82,445.48,229.03,175.28,69.91,233.95,242.078333333333
2161,447.92,238.97,305.15,228.03,173.33,66.28,243.28
2162,447.92,238.97,305.15,228.03,173.33,66.28,243.28
2163,202.51,449.18,162.41,269.42,42.62,310.13,239.378333333333
2164,202.51,449.18,162.41,269.42,42.62,310.13,239.378333333333
2165,177.4,445.96,,288.8,,,304.053333333333
2166,178.21,287.53,,446.39,,,304.043333333333
2167,289.02,167.97,,442.93,,,299.973333333333
2168,434.02,155.29,,290.29,,,293.2
2169,434.02,155.29,,290.29,,,293.2
2170,433.19,288.88,,157.32,,,293.13
2171,433.19,288.88,,157.32,,,293.13
2172,304.71,242.71,437.81,62.01,135.54,196.33,229.851666666667
2173,304.71,242.71,437.81,62.01,135.54,196.33,229.851666666667
2174,117.39,442.91,,325.9,,,295.4
2175,117.39,442.91,,325.9,,,295.4
2176,340.15,442.54,,102.79,,,295.16
2177,340.15,442.54,,102.79,,,295.16
2178,342.54,441.89,,99.83,,,294.753333333333
2179,342.54,441.89,,99.83,,,294.753333333333
2180,437.26,80.07,,357.47,,,291.6
2181,437.26,80.07,,357.47,,,291.6
2182,68.7,373.16,63.11,441.24,131.69,310.21,231.351666666667
2183,68.7,373.16,63.11,441.24,131.69,310.21,231.351666666667
2184,67.86,131.08,311.63,63.34,378.61,441.86,232.396666666667
2185,67.86,131.08,311.63,63.34,378.61,441.86,232.396666666667
2186,302.1,437.32,388.95,135.57,87.07,48.5,233.251666666667
2187,302.1,437.32,388.95,135.57,87.07,48.5,233.251666666667
2188,318.18,386.28,437.26,68.83,119.92,51.13,230.266666666667
2189,388.54,313.09,,76.64,,,259.423333333333
2190,296.68,388.24,,92.34,,,259.086666666667
2191,296.68,388.24,,92.34,,,259.086666666667
2192,320.14,434.63,,114.8,,,289.856666666667
2193,313.81,84.63,122.74,397.5,435.35,38.12,232.025
2194,133.31,308.02,93.56,439.95,39.75,400.56,235.858333333333
2195,95.87,304.15,133.33,398.95,37.49,435.86,234.275
2196,95.87,304.15,133.33,398.95,37.49,435.86,234.275
2197,93.99,308.6,128.46,401.48,34.49,435.54,233.76
2198,93.99,308.6,128.46,401.48,34.49,435.54,233.76
2199,437.04,,,,,,437.04
2200,437.04,,,,,,437.04
2201,254.02,156.63,,409.42,,,273.356666666667
2202,254.02,156.63,,409.42,,,273.356666666667
2203,206.28,204.98,,407.59,,,272.95
2204,209.15,,,,,,209.15
2205,209.15,,,,,,209.15
2206,163.57,,,,,,163.57
2207,163.57,,,,,,163.57
2208,142,441.31,,306.09,,,296.466666666667
2209,126.23,,,,,,126.23
2210,126.23,,,,,,126.23
2214,359.97,96.01,,446.1,,,300.693333333333
2215,99.61,,,,,,99.61
2216,102.41,,,,,,102.41
2217,102.41,,,,,,102.41
2222,439.29,,,,,,439.29
2223,434.24,,,,,,434.24
2224,434.24,,,,,,434.24
2225,73.23,432.4,,359.5,,,288.376666666667
2226,73.23,432.4,,359.5,,,288.376666666667
2227,420.94,350.37,,70.68,,,280.663333333333
2228,420.94,350.37,,70.68,,,280.663333333333
2229,71.74,347.75,,419.4,,,279.63
2230,347.2,71.09,,418.28,,,278.856666666667
2231,339.43,75.46,,414.88,,,276.59
2232,338.96,73.36,,412.18,,,274.833333333333
2233,74.19,,,,,,74.19
2234,74.19,,,,,,74.19
2235,72.54,335.85,,408.32,,,272.236666666667
2236,72.54,335.85,,408.32,,,272.236666666667
2237,74.41,328.6,,402.4,,,268.47
2238,74.41,328.6,,402.4,,,268.47
2239,77.42,322.58,,399.31,,,266.436666666667
2240,77.42,322.58,,399.31,,,266.436666666667
2241,306.8,87.6,,394.01,,,262.803333333333
2242,306.8,87.6,,394.01,,,262.803333333333
2243,307.93,89.01,,396.73,,,264.556666666667
2244,310.79,87.88,,398.42,,,265.696666666667
2245,85.43,312.21,,397.43,,,265.023333333333
2246,85.43,312.21,,397.43,,,265.023333333333
2247,324.84,77.57,,402.31,,,268.24
2248,324.84,77.57,,402.31,,,268.24
2249,322.66,79.58,,401.74,,,267.993333333333
2250,322.66,79.58,,401.74,,,267.993333333333
2251,319.96,78.14,,397.99,,,265.363333333333
2252,319.96,78.14,,397.99,,,265.363333333333
2253,333.17,70.97,,403.25,,,269.13
2254,67.6,,,,,,67.6
2255,67.6,,,,,,67.6
2256,72.25,,,,,,72.25
2257,71.49,,,,,,71.49
2258,70.63,,,,,,70.63
2259,70.63,,,,,,70.63
2260,70.24,387.07,333.76,456.44,403.16,53.3,283.995
2261,70.24,387.07,333.76,456.44,403.16,53.3,283.995
2262,68.49,397.22,,463.82,,,309.843333333333
2263,68.49,397.22,,463.82,,,309.843333333333
2264,57.85,470.16,395.03,412.88,337.47,77.03,291.736666666667
2265,57.85,470.16,395.03,412.88,337.47,77.03,291.736666666667
2266,84.68,388.68,,469.78,,,314.38
2267,87.25,,,,,,87.25
2268,391.17,85.05,350.51,469.51,41.21,428.43,294.313333333333
2269,391.17,85.05,350.51,469.51,41.21,428.43,294.313333333333
2270,81.74,,,,,,81.74
2271,81.74,,,,,,81.74
2272,84.43,,,,,,84.43
2273,84.43,,,,,,84.43
2276,434.85,75.28,,361,,,290.376666666667
2277,424.09,72.21,,354.97,,,283.756666666667
2278,356.79,65.91,,421.98,,,281.56
2279,65.55,361.87,,425.97,,,284.463333333333
2280,65.55,361.87,,425.97,,,284.463333333333
2281,65.9,427.59,,362.26,,,285.25
2282,65.9,427.59,,362.26,,,285.25
2283,362.43,,,,,,362.43
2284,362.43,,,,,,362.43
2285,75.18,,,,,,75.18
2286,75.18,,,,,,75.18
2287,78.87,,,,,,78.87
2288,78.87,,,,,,78.87
2289,77.74,,,,,,77.74
2290,80.59,,,,,,80.59
2291,80.59,,,,,,80.59
2292,341.26,416.39,,76.71,,,278.12
2293,341.52,75.49,,416.34,,,277.783333333333
2294,341.52,75.49,,416.34,,,277.783333333333
2295,77.24,428.33,,353.06,,,286.21
2296,77.24,428.33,,353.06,,,286.21
2297,418.71,,,,,,418.71
2298,412.56,76.74,,339.75,,,276.35
2303,80.28,343.1,,418.92,,,280.766666666667
2304,81.24,341.88,,420.38,,,281.166666666667
2305,79.56,,,,,,79.56
2306,78.86,,,,,,78.86
2307,79.91,423.62,,346.39,,,283.306666666667
2308,79.91,423.62,,346.39,,,283.306666666667
2309,386.38,82.24,424.96,307.24,40,345.15,264.328333333333
2310,392.14,80.51,421.27,314.55,32.83,342.81,264.018333333333
2311,392.14,80.51,421.27,314.55,32.83,342.81,264.018333333333
2312,79.46,390.96,420.75,315,343.87,33.2,263.873333333333
2313,79.46,390.96,420.75,315,343.87,33.2,263.873333333333
2314,388.99,81.08,423.7,311.65,40.48,345.04,265.156666666667
2315,388.99,81.08,423.7,311.65,40.48,345.04,265.156666666667
2316,84.02,394.59,,313.36,,,263.99
2317,403.77,83.14,,323.93,,,270.28
2318,403.77,83.14,,323.93,,,270.28
2319,389.68,82.29,,310.35,,,260.773333333333
2320,389.68,82.29,,310.35,,,260.773333333333
2321,412.93,374.2,,42.03,,,276.386666666667
2322,411.89,33.11,,385.78,,,276.926666666667
2323,416.01,386.65,,36.29,,,279.65
2324,35.53,383.71,304.68,410.76,330.85,80.61,257.69
2325,35.53,383.71,304.68,410.76,330.85,80.61,257.69
2326,58.36,416.73,,363.07,,,279.386666666667
2327,58.36,416.73,,363.07,,,279.386666666667
2328,380.11,35.37,,408.89,,,274.79
2329,380.11,35.37,,408.89,,,274.79
2330,289.6,369.12,42.18,79.62,330.05,409.66,253.371666666667
2331,289.6,369.12,42.18,79.62,330.05,409.66,253.371666666667
2332,375.93,295.97,,80.15,,,250.683333333333
2333,301.55,381.16,44.94,80,342.49,422.39,262.088333333333
2334,301.55,381.16,44.94,80,342.49,422.39,262.088333333333
2335,48.18,304.08,379.16,348.04,423.93,77.12,263.418333333333
2336,304.76,379.11,50.06,76.91,347.54,423.08,263.576666666667
2337,62.07,350.24,426.07,293.17,367.82,77.49,262.81
2338,62.07,350.24,426.07,293.17,367.82,77.49,262.81
2339,319.3,390.33,,74.7,,,261.443333333333
2340,313.22,76.15,344.58,386.41,35.9,418.65,262.485
2341,313.22,76.15,344.58,386.41,35.9,418.65,262.485
2342,429.39,,,,,,429.39
2343,429.39,,,,,,429.39
2344,387.35,49.5,,429.41,,,288.753333333333
2345,387.35,49.5,,429.41,,,288.753333333333
2346,429.23,61.85,,368.66,,,286.58
2347,429.23,61.85,,368.66,,,286.58
2348,51.46,385.89,310.49,428.46,351.5,78.59,267.731666666667
2349,51.46,385.89,310.49,428.46,351.5,78.59,267.731666666667
2350,66.58,350.1,430.19,290.07,368.57,82.06,264.595
2351,61.3,301.09,380.98,353.56,435.01,82.9,269.14
2352,46.64,387.46,,425.13,,,286.41
2353,46.64,387.46,,425.13,,,286.41
2354,390.5,423.73,,39.98,,,284.736666666667
2355,311.2,79.82,344.06,387.16,43.75,421.67,264.61
2356,311.2,79.82,344.06,387.16,43.75,421.67,264.61
2357,67.21,445.29,,384.67,,,299.056666666667
2358,433.72,50.75,,390.14,,,291.536666666667
2359,433.72,50.75,,390.14,,,291.536666666667
2360,301.84,377.23,55.49,80.37,350.74,427.85,265.586666666667
2361,301.84,377.23,55.49,80.37,350.74,427.85,265.586666666667
2362,385.9,427.38,,45.14,,,286.14
2363,385.9,427.38,,45.14,,,286.14
2364,381.9,49.18,,425.73,,,285.603333333333
2365,381.9,49.18,,425.73,,,285.603333333333
2366,385.99,428.14,,44.61,,,286.246666666667
2367,385.99,428.14,,44.61,,,286.246666666667
2368,381.07,423.72,,47.26,,,284.016666666667
2369,381.07,423.72,,47.26,,,284.016666666667
2370,381.96,424.49,81.25,47.16,300.8,343.25,263.151666666667
2371,46.55,426.07,,383.46,,,285.36
2372,387.16,305.42,44.5,83.29,427.26,344.76,265.398333333333
2373,387.16,305.42,44.5,83.29,427.26,344.76,265.398333333333
2374,84.53,428.18,387.54,344.73,304.84,43.99,265.635
2375,84.53,428.18,387.54,344.73,304.84,43.99,265.635
2376,382.25,81.62,423.93,301.54,46.27,342.65,263.043333333333
2377,380.8,80.88,427.8,300.7,49.76,347.26,264.533333333333
2378,378.77,299.13,50.42,81.21,426.39,346.08,263.666666666667
2379,378.77,299.13,50.42,81.21,426.39,346.08,263.666666666667
2380,375.21,419.66,,47.51,,,280.793333333333
2381,377.57,79.88,426.9,298.17,52.53,347.16,263.701666666667
2382,86.94,385.03,429.52,299.15,343,48.99,265.438333333333
2383,86.94,385.03,429.52,299.15,343,48.99,265.438333333333
2384,378.37,83.98,429.59,295.05,54.38,345.84,264.535
2385,379.11,426.43,82.36,50.9,297.45,344.31,263.426666666667
2386,379.11,426.43,82.36,50.9,297.45,344.31,263.426666666667
2387,387.24,431.17,,48.14,,,288.85
2388,387.24,431.17,,48.14,,,288.85
2389,392.43,41.76,,429.55,,,287.913333333333
2390,392.43,41.76,,429.55,,,287.913333333333
2391,395.71,83.49,423.13,313.74,31.11,340.57,264.625
2392,398.69,33.98,,428.91,,,287.193333333333
2393,396.82,,,,,,396.82
2394,396.82,,,,,,396.82
2395,396.97,,,,,,396.97
2396,396.97,,,,,,396.97
2397,396.97,,,,,,396.97
2398,398.45,316.34,,82.47,,,265.753333333333
2399,397.68,318.43,,79.88,,,265.33
2400,397.87,315.94,30.29,82.25,425.9,343.78,266.005
2401,397.87,315.94,30.29,82.25,425.9,343.78,266.005
2402,392.63,426.49,,36.43,,,285.183333333333
2403,392.14,38.33,,427.74,,,286.07
2404,388.14,428.37,,43.23,,,286.58
2405,387.09,,,,,,387.09
2406,384.06,41.04,,422.68,,,282.593333333333
2407,384.06,41.04,,422.68,,,282.593333333333
2408,382.61,425.1,,44.97,,,284.226666666667
2409,379.96,426.15,71.54,48.56,308.58,354.64,264.905
2410,384.23,45.34,,427.24,,,285.603333333333
2411,381.47,46.32,,424.68,,,284.156666666667
2412,385.77,422.89,,39.87,,,282.843333333333
2413,384.98,42.39,,425.31,,,284.226666666667
2414,384.98,42.39,,425.31,,,284.226666666667
2415,391.3,417.74,,28.8,,,279.28
2416,391.84,,,,,,391.84
2417,391.84,,,,,,391.84
2418,391.15,428.44,,40.64,,,286.743333333333
2419,427.34,401.33,,31.98,,,286.883333333333
2420,427.34,401.33,,31.98,,,286.883333333333
2421,431.16,410.62,,34.78,,,292.186666666667
2422,431.16,410.62,,34.78,,,292.186666666667
2423,399.81,435.3,,42.7,,,292.603333333333
2424,401.1,429.76,,30.54,,,287.133333333333
2425,401.1,429.76,,30.54,,,287.133333333333
2426,431.44,408.62,,30.17,,,290.076666666667
2427,433.15,405.96,,29.95,,,289.686666666667
2428,433.15,405.96,,29.95,,,289.686666666667
2429,437.03,35.59,,408.43,,,293.683333333333
2430,433.82,,,,,,433.82
2431,431.9,,,,,,431.9
2432,423.72,407.1,,19,,,283.273333333333
2433,396.06,31.78,326.84,426.39,69.33,357.1,267.916666666667
2434,394.61,322.39,41.53,72.76,434.16,361.68,271.188333333333
2435,45.78,395.76,320.19,439.21,363.27,76.33,273.423333333333
2436,389.62,47.43,318.63,434.51,72.27,363,270.91
2437,389.62,47.43,318.63,434.51,72.27,363,270.91
2438,404.03,32.51,331.16,433.13,73.82,359.85,272.416666666667
2439,404.03,32.51,331.16,433.13,73.82,359.85,272.416666666667
2440,47.95,317.31,,360.46,,,241.906666666667
2441,386.78,47.54,312.88,433.89,74.44,359.84,269.228333333333
2442,399.62,26.21,,423.99,,,283.273333333333
2443,399.62,26.21,,423.99,,,283.273333333333
2444,407.82,73.74,,334.32,,,271.96
2445,423.79,72.87,,351.06,,,282.573333333333
2446,428.01,74.29,,353.92,,,285.406666666667
2447,432.57,78.15,,354.93,,,288.55
2448,435.2,79.5,410.16,355.87,25.36,330.89,272.83
2449,400.89,79.71,,321.45,,,267.35
2450,400.89,79.71,,321.45,,,267.35
2451,439.36,401.04,79.38,39.82,360.24,322.15,273.665
2452,30.59,436.95,357.74,408.68,329.77,79.64,273.895
2453,30.59,436.95,357.74,408.68,329.77,79.64,273.895
2454,436.35,31.14,,405.5,,,290.996666666667
2455,436.35,31.14,,405.5,,,290.996666666667
2456,392.97,315.9,,77.43,,,262.1
2457,392.8,39.57,317.67,431.74,75.54,356.46,268.963333333333
2458,392.8,39.57,317.67,431.74,75.54,356.46,268.963333333333
2459,399.41,76.36,,324.08,,,266.616666666667
2460,36.12,356.06,,321.1,,,237.76
2461,36.12,356.06,,321.1,,,237.76
2462,434.63,395.92,,41.83,,,290.793333333333
2463,42.88,318.32,,358.85,,,240.016666666667
2464,42.88,318.32,,358.85,,,240.016666666667
2465,46.27,442.53,365.58,397.93,321.31,77.39,275.168333333333
2466,331.73,35.09,,363.57,,,243.463333333333
2467,337.18,364.8,,30.94,,,244.306666666667
2468,338.9,,,,,,338.9
2469,343.14,361.49,,21.07,,,241.9
2470,343.14,361.49,,21.07,,,241.9
2471,335.12,,,,,,335.12
2472,34.83,328.99,,360.58,,,241.466666666667
2473,34.83,328.99,,360.58,,,241.466666666667
2474,335.66,,,,,,335.66
2475,335.66,,,,,,335.66
2476,407.62,334.46,35.63,73.17,440.55,367.39,276.47
2477,407.62,334.46,35.63,73.17,440.55,367.39,276.47
2478,42.35,403.79,326.72,442.29,364.98,77.37,276.25
2479,42.35,403.79,326.72,442.29,364.98,77.37,276.25
2480,40.3,326.51,,364.39,,,243.733333333333
2481,334.25,31.65,,362.2,,,242.7
2482,329.67,36.63,,364.99,,,243.763333333333
2483,36.57,363.31,,330.08,,,243.32
2484,36.57,363.31,,330.08,,,243.32
2485,41.86,411.77,333.64,448.21,369.41,79.45,280.723333333333
2486,41.86,411.77,333.64,448.21,369.41,79.45,280.723333333333
2487,45.89,335.32,,375.7,,,252.303333333333
2488,39.56,337.97,,373.1,,,250.21
2489,38.68,336.11,,368.71,,,247.833333333333
2490,32.81,415.01,335.43,445.23,365.23,80.74,279.075
2491,413.58,35.73,335.72,443.61,79.24,365.1,278.83
2492,413.58,35.73,335.72,443.61,79.24,365.1,278.83
2493,408.61,331.71,36.58,79.14,443.27,365.81,277.52
2494,330.66,407.41,41.63,80.32,367.9,445.64,278.926666666667
2495,330.66,407.41,41.63,80.32,367.9,445.64,278.926666666667
2496,327,38.68,,363.19,,,242.956666666667
2497,327,38.68,,363.19,,,242.956666666667
2498,330.57,39.85,400.04,367.83,70.11,437.6,274.333333333333
2499,330.57,39.85,400.04,367.83,70.11,437.6,274.333333333333
2500,402.03,37.86,328.72,437.21,75.54,363.25,274.101666666667
2501,402.03,37.86,328.72,437.21,75.54,363.25,274.101666666667
2502,432.21,403.76,74.16,30.05,359.67,331.66,271.918333333333
2503,432.21,403.76,74.16,30.05,359.67,331.66,271.918333333333
2504,397.65,36.57,327.24,431.07,73.26,359.88,270.945
2505,393.4,321.96,,73.9,,,263.086666666667
2506,391.31,321.05,,73.27,,,261.876666666667
2507,391.31,321.05,,73.27,,,261.876666666667
2508,387.53,45.36,317.58,427.98,72.63,357.01,268.015
2509,388.67,47.01,318.26,430.62,73.02,359.18,269.46
2510,403.31,333.01,,72.63,,,269.65
2511,39.73,362.19,435.65,329.93,402.47,74.66,274.105
2512,39.73,362.19,435.65,329.93,402.47,74.66,274.105
2513,73.46,429.4,407.04,357.19,335.56,28.38,271.838333333333
2514,74.2,418.58,,345.23,,,279.336666666667
2515,411.27,73.51,,338.69,,,274.49
2516,411.27,73.51,,338.69,,,274.49
2517,418.24,401.61,,20.79,,,280.213333333333
2518,418.24,401.61,,20.79,,,280.213333333333
2519,332.5,34.65,,364.05,,,243.733333333333
2520,332.5,34.65,,364.05,,,243.733333333333
2521,388.9,54.34,405.78,334.56,20.5,351.45,259.255
2522,388.9,54.34,405.78,334.56,20.5,351.45,259.255
2523,407.15,31.3,,379.85,,,272.766666666667
2524,368.97,394.55,,30.23,,,264.583333333333
2526,372.97,384.18,,13.62,,,256.923333333333
2527,368.42,,,,,,368.42
2528,368.42,,,,,,368.42
2529,354.02,,,,,,354.02
2530,353.74,,,,,,353.74
2531,333.95,,,,,,333.95
2532,336.6,,,,,,336.6
2533,336.6,,,,,,336.6
2534,326.92,,,,,,326.92
2535,326.92,,,,,,326.92
2536,327.33,,,,,,327.33
2537,327.33,,,,,,327.33
2542,281.44,,,,,,281.44
2543,83.89,265.16,,330.41,,,226.486666666667
2544,254.78,,,,,,254.78
2545,101.66,263.02,,333.85,,,232.843333333333
2546,249.18,,,,,,249.18
2547,234.92,115.4,,330.95,,,227.09
2548,245.13,121.06,,331.89,,,232.693333333333
2549,245.13,121.06,,331.89,,,232.693333333333
2550,144.11,212.29,,332.06,,,229.486666666667
2551,144.11,212.29,,332.06,,,229.486666666667
2552,151.29,215.2,,330.65,,,232.38
2553,151.29,215.2,,330.65,,,232.38
2554,188.39,180.73,,329.25,,,232.79
2555,180.3,183.09,,325.8,,,229.73
2556,180.3,183.09,,325.8,,,229.73
2557,190.88,175.55,,332.82,,,233.083333333333
2558,190.88,175.55,,332.82,,,233.083333333333
2559,211.2,154.59,171.83,330.05,356.56,30.04,209.045
2560,216.65,152.33,171.15,326.91,357.89,35.15,210.013333333333
2561,230.12,148.83,164.96,326.17,355.3,32.16,209.59
2562,231.74,,,,,,231.74
2563,231.74,,,,,,231.74
2564,133.63,258.14,147.53,322.73,41.81,359.93,210.628333333333
2565,133.63,258.14,147.53,322.73,41.81,359.93,210.628333333333
2566,269.8,126.19,,329.06,,,241.683333333333
2567,271.03,125.65,,321.01,,,239.23
2568,271.03,125.65,,321.01,,,239.23
2571,322.06,,,,,,322.06
2572,322.06,,,,,,322.06
2573,321.46,,,,,,321.46
2574,321.46,,,,,,321.46
2575,364.69,,,,,,364.69
2576,334.23,316.25,364.54,116.39,106.37,52.74,215.086666666667
2577,334.23,316.25,364.54,116.39,106.37,52.74,215.086666666667
2578,312.3,341.75,,108.16,,,254.07
2579,312.3,341.75,,108.16,,,254.07
2580,342.81,312.53,,100.79,,,252.043333333333
2581,354.52,,,,,,354.52
2582,359.64,,,,,,359.64
2583,310.07,,,,,,310.07
2584,310.07,,,,,,310.07
2585,390.62,138.03,109.81,306.82,352.3,47.33,224.151666666667
2586,390.62,138.03,109.81,306.82,352.3,47.33,224.151666666667
2587,300.62,,,,,,300.62
2588,300.62,,,,,,300.62
2589,377.91,,,,,,377.91
2590,377.91,,,,,,377.91
2591,339.53,,,,,,339.53
2592,339.53,,,,,,339.53
2593,384.45,95.2,,341.18,,,273.61
2594,384.45,95.2,,341.18,,,273.61
2595,381.77,95.96,140.03,336.97,282.47,58.03,215.871666666667
2596,328.66,104.74,,388.53,,,273.976666666667
2597,328.66,104.74,,388.53,,,273.976666666667
2598,282.58,329.98,,50.4,,,220.986666666667
2599,323.35,,,,,,323.35
2600,282.39,322.71,,43.37,,,216.156666666667
2601,282.39,322.71,,43.37,,,216.156666666667
2602,316.32,,,,,,316.32
2603,316.32,,,,,,316.32
2604,264.6,315.63,,54.7,,,211.643333333333
2605,264.6,315.63,,54.7,,,211.643333333333
2606,308.91,,,,,,308.91
2607,305.23,,,,,,305.23
2608,305.23,,,,,,305.23
2609,309.62,247.17,375.81,66.27,100.52,158.04,209.571666666667
2610,308.73,364.79,243.52,91.35,69.69,151.36,204.906666666667
2611,307.8,72.26,,240.5,,,206.853333333333
2612,307.8,72.26,,240.5,,,206.853333333333
2613,237.64,79.69,,311.46,,,209.596666666667
2614,309.5,237.01,,77.95,,,208.153333333333
2615,236.06,78.85,,310.15,,,208.353333333333
2616,236.06,78.85,,310.15,,,208.353333333333
2617,232.37,80.46,,308.44,,,207.09
2618,232.37,80.46,,308.44,,,207.09
2619,226.56,85.11,,307.64,,,206.436666666667
2620,225.94,,,,,,225.94
2621,223.37,83.2,,303.96,,,203.51
2622,223.11,,,,,,223.11
2623,224.7,,,,,,224.7
2624,224.7,,,,,,224.7
2625,237.84,,,,,,237.84
2626,240.92,,,,,,240.92
2627,241.18,,,,,,241.18
2628,240.98,,,,,,240.98
2629,235.97,,,,,,235.97
2630,235.97,,,,,,235.97
2631,222.11,,,,,,222.11
2632,212.48,,,,,,212.48
2633,212.48,,,,,,212.48
2634,202.61,,,,,,202.61
2635,202.61,,,,,,202.61
2636,201.33,,,,,,201.33
2637,201.33,,,,,,201.33
2640,270.52,105.52,,181.35,,,185.796666666667
2641,270.52,105.52,,181.35,,,185.796666666667
2642,270.52,105.52,,181.35,,,185.796666666667
2643,270.52,105.52,,181.35,,,185.796666666667
2644,143.81,303.33,,179.12,,,208.753333333333
2645,322.43,171.96,,171.45,,,221.946666666667
2646,338.3,165,,195.03,,,232.776666666667
2647,338.3,165,,195.03,,,232.776666666667
2648,151.97,234.73,,364.79,,,250.496666666667
2649,362.05,234.77,,148.3,,,248.373333333333
2650,352.2,229.81,,144.68,,,242.23
2651,345.26,217.62,,148.71,,,237.196666666667
2652,336.84,201.75,,156.06,,,231.55
2653,336.84,201.75,,156.06,,,231.55
2654,320.67,178.99,,157.27,,,218.976666666667
2655,311.92,169.07,,156.58,,,212.523333333333
2656,298.37,,,,,,298.37
2657,288.07,147.15,,153.82,,,196.346666666667
2658,135.7,154.16,,277.3,,,189.053333333333
2659,135.7,154.16,,277.3,,,189.053333333333
2660,152.33,116.11,,254.71,,,174.383333333333
2661,103.15,151.99,,240.26,,,165.133333333333
2662,234.19,96.47,,152.09,,,160.916666666667
2663,234.19,96.47,,152.09,,,160.916666666667
2664,210.06,48.99,,172.31,,,143.786666666667
2665,210.06,48.99,,172.31,,,143.786666666667
2666,178.59,,,,,,178.59
2667,178.59,,,,,,178.59
2668,52,203.64,,152.15,,,135.93
2669,89.12,220.78,,131.68,,,147.193333333333
2670,113.88,230.9,,117.55,,,154.11
2671,113.88,230.9,,117.55,,,154.11
2672,177.43,255.78,,78.69,,,170.633333333333
2674,235.16,,,,,,235.16
2675,239.37,,,,,,239.37
2676,240.97,,,,,,240.97
2677,240.97,,,,,,240.97
2678,211.52,,,,,,211.52
2679,211.52,,,,,,211.52
2680,186.64,114.91,,299.23,,,200.26
2681,186.64,114.91,,299.23,,,200.26
2682,294.85,156.79,,139.37,,,197.003333333333
2683,294.85,156.79,,139.37,,,197.003333333333
2684,302.04,134.11,,168.03,,,201.393333333333
2685,117.17,,,,,,117.17
2686,117.17,,,,,,117.17
2687,218.72,69.29,,287.73,,,191.913333333333
2688,239.7,,,,,,239.7
2689,239.7,,,,,,239.7
2691,272.03,,,,,,272.03
2692,269.4,,,,,,269.4
2694,238.08,295.31,122.32,58.73,115.76,173.31,167.251666666667
2695,238.08,295.31,122.32,58.73,115.76,173.31,167.251666666667
2696,296.65,,,,,,296.65
2697,296.65,,,,,,296.65
2698,307.88,144.17,,169.75,,,207.266666666667
2699,307.88,144.17,,169.75,,,207.266666666667
2700,332.66,180.8,,157.57,,,223.676666666667
2701,199.92,346.98,,153.86,,,233.586666666667
2702,226.45,,,,,,226.45
2703,361.73,,,,,,361.73
2704,354.91,277.33,,95.05,,,242.43
2705,354.91,277.33,,95.05,,,242.43
2706,297.49,,,,,,297.49
2707,339.63,81.53,,285.56,,,235.573333333333
2708,339.63,81.53,,285.56,,,235.573333333333
2709,329.63,,,,,,329.63
2710,329.63,,,,,,329.63
2711,320.47,,,,,,320.47
2712,320.47,,,,,,320.47
2713,296.31,146.42,,162.15,,,201.626666666667
2714,296.31,146.42,,162.15,,,201.626666666667
2717,320.59,126.73,,198.64,,,215.32
2718,133.16,189.17,,316.71,,,213.013333333333
2719,315.33,,,,,,315.33
2720,123.96,309.89,,190.53,,,208.126666666667
2721,123.96,309.89,,190.53,,,208.126666666667
2722,310.92,97.68,,216.83,,,208.476666666667
2723,310.92,97.68,,216.83,,,208.476666666667
2724,104.97,,,,,,104.97
2725,294.09,,,,,,294.09
2726,294.09,,,,,,294.09
2727,260.03,,,,,,260.03
2728,252.27,,,,,,252.27
2729,252.27,,,,,,252.27
2730,273.5,,,,,,273.5
2731,273.5,,,,,,273.5
2732,297.88,127.98,,177,,,200.953333333333
2733,297.88,127.98,,177,,,200.953333333333
2734,128.16,,,,,,128.16
2735,128.16,,,,,,128.16
2737,122.62,,,,,,122.62
2746,179.16,,,,,,179.16
2747,179.06,,,,,,179.06
2748,176.5,,,,,,176.5
2749,176.5,,,,,,176.5
2753,136.96,,,,,,136.96
2754,120.34,,,,,,120.34
2755,120.34,,,,,,120.34
2760,135.58,,,,,,135.58
2761,141.87,,,,,,141.87
2762,151.59,,,,,,151.59
2763,152.76,,,,,,152.76
2764,147.45,,,,,,147.45
2767,142.27,,,,,,142.27
2770,150.57,,,,,,150.57
2775,271.64,193.59,,91.75,,,185.66
2776,271.64,193.59,,91.75,,,185.66
2777,102.72,282.78,,191.27,,,192.256666666667
2778,102.72,282.78,,191.27,,,192.256666666667
2779,153.29,88.53,,228.5,,,156.773333333333
2784,177.03,116.86,,62.56,,,118.816666666667
2785,129.55,,,,,,129.55
2787,135.58,,,,,,135.58
2788,135.58,,,,,,135.58
3099,182.2,,,,,,182.2
3100,182.2,,,,,,182.2
3101,184.46,44.23,,145.38,,,124.69
3102,191.05,53.71,,145.8,,,130.186666666667
3103,191.05,53.71,,145.8,,,130.186666666667
3106,187.1,138.41,50.47,97.71,144.64,88,117.721666666667
3107,189.96,97.43,,143.29,,,143.56
3108,189.96,97.43,,143.29,,,143.56
3109,196.2,102.78,,147.48,,,148.82
3110,196.69,,,,,,196.69
3111,195.07,144.61,63.41,98.34,142.15,81.23,120.801666666667
3112,195.07,144.61,63.41,98.34,142.15,81.23,120.801666666667
3113,193.68,146.11,63.93,95.7,140.48,82.19,120.348333333333
3114,194.88,143.95,,96.77,,,145.2
3115,194.88,143.95,,96.77,,,145.2
3116,196.85,141.27,,64.86,,,134.326666666667
3117,196.54,143.98,64.17,98.65,143.15,79.81,121.05
3118,196.54,143.98,64.17,98.65,143.15,79.81,121.05
3119,199.74,66.83,,143.21,,,136.593333333333
3120,199.43,145.76,67.49,101.84,142.28,78.44,122.54
3121,199.08,145.95,65.69,98.48,143.3,80.32,122.136666666667
3122,199.08,145.95,65.69,98.48,143.3,80.32,122.136666666667
3123,195.93,,,,,,195.93
3124,195.93,,,,,,195.93
3125,196.92,65.93,,141.27,,,134.706666666667
3126,196.92,65.93,,141.27,,,134.706666666667
3127,200.51,147.12,66,99.9,143.98,81.25,123.126666666667
3128,204.06,65.57,,148.25,,,139.293333333333
3129,204.06,65.57,,148.25,,,139.293333333333
3130,201.37,144.58,,66.19,,,137.38
3131,203.75,101.25,145.89,145.14,66.16,79.22,123.568333333333
3132,207.08,147.39,,68.03,,,140.833333333333
3133,207.08,147.39,,68.03,,,140.833333333333
3134,207.08,147.39,,68.03,,,140.833333333333
3135,208.97,148.63,,70.46,,,142.686666666667
3136,208.97,148.63,,70.46,,,142.686666666667
3137,201.59,102.11,145.55,149.17,67,82.22,124.606666666667
3138,200.62,144.21,,67.42,,,137.416666666667
3139,202.68,145.96,67.83,98.22,146.13,78.14,123.16
3140,202.68,145.96,67.83,98.22,146.13,78.14,123.16
3141,200.9,145.76,65.98,104.76,145.09,79.98,123.745
3142,200.9,145.76,65.98,104.76,145.09,79.98,123.745
3143,199.86,101.17,145.12,149.12,65.36,83.82,124.075
3144,200.25,146.15,,100.48,,,148.96
3145,206.23,67.5,,148.24,,,140.656666666667
3146,206.23,67.5,,148.24,,,140.656666666667
3147,201.68,144.93,,68.76,,,138.456666666667
3148,201.68,144.93,,68.76,,,138.456666666667
3149,212.4,152.17,,70.62,,,145.063333333333
3150,202.83,145.55,,68.01,,,138.796666666667
3151,202.78,146.41,,67.67,,,138.953333333333
3152,202.78,146.41,,67.67,,,138.953333333333
3153,199.85,99.05,144.12,147.58,66.24,81.37,123.035
3154,199.85,99.05,144.12,147.58,66.24,81.37,123.035
3155,203.01,149.19,,65.07,,,139.09
3156,200.4,146.75,,64.62,,,137.256666666667
3157,197.3,64.73,,143.11,,,135.046666666667
3158,198.75,,,,,,198.75
3159,198.75,,,,,,198.75
3160,219.33,,,,,,219.33
3161,219.33,,,,,,219.33
3162,208.26,,,,,,208.26
3163,208.79,150.34,,67.38,,,142.17
3164,207.37,64.65,,152.28,,,141.433333333333
3165,214.36,66.99,,157.88,,,146.41
3166,211.04,152.89,,68.79,,,144.24
3167,205.34,,,,,,205.34
3168,205.34,,,,,,205.34
3169,202.8,,,,,,202.8
3170,219.59,,,,,,219.59
3171,219.23,,,,,,219.23
3172,219.23,,,,,,219.23
3173,204.31,,,,,,204.31
3174,204.31,,,,,,204.31
3175,205.09,147.12,,68.04,,,140.083333333333
3176,207.26,149.24,,68.73,,,141.743333333333
3177,207.26,149.24,,68.73,,,141.743333333333
3178,209.62,,,,,,209.62
3179,205.97,,,,,,205.97
3180,205.97,,,,,,205.97
3181,209.43,,,,,,209.43
3182,206.11,,,,,,206.11
3183,211.77,,,,,,211.77
3184,211.77,,,,,,211.77
3185,117.42,,,,,,117.42
3186,117.42,,,,,,117.42
3187,104.75,152.14,213.04,82.31,154.09,71.81,129.69
3188,104.75,152.14,213.04,82.31,154.09,71.81,129.69
3189,107.26,153.28,,85.07,,,115.203333333333
3190,107.26,153.28,,85.07,,,115.203333333333
3191,158.42,,,,,,158.42
3192,158.42,,,,,,158.42
3193,219.57,107.25,,151.45,,,159.423333333333
3194,219.32,108.75,,149.76,,,159.276666666667
3195,219.32,108.75,,149.76,,,159.276666666667
3196,220.83,156.19,,105.33,,,160.783333333333
3197,220.83,156.19,,105.33,,,160.783333333333
3198,226.75,158.9,,103.59,,,163.08
3199,226.75,158.9,,103.59,,,163.08
3200,225.31,159.46,,101.81,,,162.193333333333
3201,227.71,159.34,80.23,103.41,157.97,79.11,134.628333333333
3202,221.27,78.36,,153.06,,,150.896666666667
3203,221.27,78.36,,153.06,,,150.896666666667
3204,233.24,101.42,156.9,165.23,84.41,80.9,137.016666666667
3205,233.24,101.42,156.9,165.23,84.41,80.9,137.016666666667
3206,231.76,97.45,,172.93,,,167.38
3207,231.76,97.45,,172.93,,,167.38
3208,232.66,108.69,166.14,161.16,79.55,81.83,138.338333333333
3209,232.66,108.69,166.14,161.16,79.55,81.83,138.338333333333
3210,232.65,96.57,165.12,178.55,76.42,102.14,141.908333333333
3211,230.36,188.26,,88.4,,,169.006666666667
3212,230.88,88.7,162.38,185.75,75.7,110.05,142.243333333333
3213,230.88,88.7,162.38,185.75,75.7,110.05,142.243333333333
3214,160.09,92.13,239.23,101.04,83.8,184.32,143.435
3215,160.09,92.13,239.23,101.04,83.8,184.32,143.435
3216,240.74,153.52,86.37,92.92,195.15,102.58,145.213333333333
3217,240.55,92.69,152.33,190.23,97.3,92.99,144.348333333333
3218,240.55,92.69,152.33,190.23,97.3,92.99,144.348333333333
3219,89.32,178.65,244.14,90.34,160.91,106.41,144.961666666667
3220,89.32,178.65,244.14,90.34,160.91,106.41,144.961666666667
3221,258.92,97.15,199.19,166.8,95.76,102.55,153.395
3222,258.92,97.15,199.19,166.8,95.76,102.55,153.395
3223,82.22,257.2,167.12,219.67,123.57,96.15,157.655
3224,258.64,179.31,,89.15,,,175.7
3225,258.64,179.31,,89.15,,,175.7
3226,259.17,186.66,95.65,78.42,217.04,138.7,162.606666666667
3227,259.17,186.66,95.65,78.42,217.04,138.7,162.606666666667
3228,81.96,221.35,,139.45,,,147.586666666667
3229,217.34,85.59,,131.81,,,144.913333333333
3230,217.34,85.59,,131.81,,,144.913333333333
3231,95.77,215.04,,119.27,,,143.36
3232,95.77,215.04,,119.27,,,143.36
3233,99,256.83,208.92,165.43,109.95,89.82,154.991666666667
3234,99,256.83,208.92,165.43,109.95,89.82,154.991666666667
3235,217.06,90.67,,126.48,,,144.736666666667
3236,222.68,97.81,,125.71,,,148.733333333333
3237,222.68,97.81,,125.71,,,148.733333333333
3238,94.17,221.54,,128.13,,,147.946666666667
3239,223.04,93.62,,129.7,,,148.786666666667
3240,223.04,93.62,,129.7,,,148.786666666667
3241,230.11,95.12,,135.16,,,153.463333333333
3242,230.11,95.12,,135.16,,,153.463333333333
3243,89.57,229.18,,139.95,,,152.9
3244,89.57,229.18,,139.95,,,152.9
3245,132.01,93.03,,224.97,,,150.003333333333
3246,132.01,93.03,,224.97,,,150.003333333333
3247,130.15,224.98,,94.83,,,149.986666666667
3248,130.15,224.98,,94.83,,,149.986666666667
3249,88.67,137.92,,226.52,,,151.036666666667
3250,178.46,128,96.48,97.9,263.37,224.42,164.771666666667
3251,178.46,128,96.48,97.9,263.37,224.42,164.771666666667
3252,96.05,218.11,,122.06,,,145.406666666667
3253,96.05,218.11,,122.06,,,145.406666666667
3254,251.18,205.55,96.66,92.4,164.72,108.91,153.236666666667
3255,258.99,97.17,,203.6,,,186.586666666667
3256,98.3,101.02,,173.7,,,124.34
3257,98.3,101.02,,173.7,,,124.34
3258,175.41,108.05,267.29,91.67,99.34,190.93,155.448333333333
3259,107.21,83.3,186.99,171.67,264.38,103.82,152.895
3260,75.24,168.17,,109.43,,,117.613333333333
3261,75.24,168.17,,109.43,,,117.613333333333
3262,111.17,75.3,185.79,169.49,268.83,110.56,153.523333333333
3263,111.41,75.32,183.38,170.15,267.16,108.13,152.591666666667
3264,111.41,75.32,183.38,170.15,267.16,108.13,152.591666666667
3265,255.49,167.04,89.72,112.37,174.58,77.38,146.096666666667
3266,255.49,167.04,89.72,112.37,174.58,77.38,146.096666666667
3267,179.77,82.65,70.49,112.58,244.98,153.14,140.601666666667
3268,179.77,82.65,70.49,112.58,244.98,153.14,140.601666666667
3269,182.87,105.98,239.81,92.15,61.6,153.74,139.358333333333
3270,182.87,105.98,239.81,92.15,61.6,153.74,139.358333333333
3271,235.32,61.68,,177.51,,,158.17
3272,222.67,55.28,,170.98,,,149.643333333333
3273,172.3,,,,,,172.3
3274,172.3,,,,,,172.3
3277,184.8,82.66,,147.95,,,138.47
3278,127.37,190.47,47.37,93.93,82.02,156.63,116.298333333333
3279,182.3,,,,,,182.3
3280,182.3,,,,,,182.3
3283,134.81,,,,,,134.81
3284,223.7,,,,,,223.7
3285,129.25,114.55,62.54,236.97,70.69,166.28,130.046666666667
3286,129.25,114.55,62.54,236.97,70.69,166.28,130.046666666667
3287,90.41,162.89,265.1,72.48,178.08,112.4,146.893333333333
3288,103.07,170.71,279.47,68.1,182.52,118.62,153.748333333333
3289,140.6,184.77,295.77,48.23,167.21,119.22,159.3
3290,322.42,,,,,,322.42
3291,342.39,,,,,,342.39
3294,281.48,251.39,,34.53,,,189.133333333333
3295,261.88,,,,,,261.88
3296,237.08,,,,,,237.08
3297,237.08,,,,,,237.08
3298,138.64,,,,,,138.64
3299,138.64,,,,,,138.64
3300,202.45,92.94,,113.12,,,136.17
3301,202.45,92.94,,113.12,,,136.17
3303,168.28,,,,,,168.28
3304,173,105.1,,86.98,,,121.693333333333
3305,181.64,,,,,,181.64
3306,180.13,72.8,,110.29,,,121.073333333333
3307,165.27,,,,,,165.27
3308,141.75,,,,,,141.75
3309,141.75,,,,,,141.75
3310,95.17,89.73,,161.37,,,115.423333333333
3311,95.17,89.73,,161.37,,,115.423333333333
3312,113.44,,,,,,113.44
3313,102.56,,,,,,102.56
3314,133.84,239.02,,111.91,,,161.59
3315,327.53,140.85,73.8,193.23,255.19,67.29,176.315
3316,394.08,,,,,,394.08
3317,126.7,445.8,,319.34,,,297.28
3318,126.7,445.8,,319.34,,,297.28
3319,401.98,98.92,,303.08,,,267.993333333333
3320,401.98,98.92,,303.08,,,267.993333333333
3321,195.82,139.47,,72.1,,,135.796666666667
3322,151.25,68.84,,96.04,,,105.376666666667
3323,104.09,,,,,,104.09
3324,104.09,,,,,,104.09
3325,126.81,,,,,,126.81
3326,82.51,125.03,,184.73,,,130.756666666667
3327,82.51,125.03,,184.73,,,130.756666666667
3328,145.81,230.5,,104.79,,,160.366666666667
3329,180.96,212.91,,64.56,,,152.81
3330,178.08,,,,,,178.08
3331,88.51,189.37,102.86,273.93,191.37,99.55,157.598333333333
3332,88.51,189.37,102.86,273.93,191.37,99.55,157.598333333333
3333,88.51,189.37,102.86,273.93,191.37,99.55,157.598333333333
3334,111.11,126.09,,236.93,,,158.043333333333
3335,136.08,256.54,,124.08,,,172.233333333333
3336,136.08,256.54,,124.08,,,172.233333333333
3337,219.32,80.49,,286.99,,,195.6
3338,219.32,80.49,,286.99,,,195.6
3339,317.66,,,,,,317.66
3340,317.66,,,,,,317.66
3341,312.89,247.16,,77.96,,,212.67
3342,312.89,247.16,,77.96,,,212.67
3343,250.62,146.51,,108.61,,,168.58
3344,207.79,110.64,,99.93,,,139.453333333333
3345,165.62,,,,,,165.62
3346,165.62,,,,,,165.62
3347,84.22,63.46,,147.02,,,98.2333333333333
3348,128.56,45.12,,85.6,,,86.4266666666667
3349,73.74,110.72,,41.15,,,75.2033333333333
3350,216.42,296.79,,83.7,,,198.97
3351,328.25,207.86,277.12,124.81,65.99,69.33,178.893333333333
3352,328.25,207.86,277.12,124.81,65.99,69.33,178.893333333333
3353,210.6,190.12,,399.76,,,266.826666666667
3354,210.6,190.12,,399.76,,,266.826666666667
3355,398.26,201.47,234.08,196.89,164.28,32.62,204.6
3356,398.26,201.47,234.08,196.89,164.28,32.62,204.6
3357,161.92,133.06,104.18,292.71,57.74,235.38,164.165
3358,132.15,115.45,,238.58,,,162.06
3359,132.15,115.45,,238.58,,,162.06
3360,206.06,,,,,,206.06
3361,238.39,144.98,,107.4,,,163.59
3362,238.39,144.98,,107.4,,,163.59
3363,336.48,159.78,215.15,177.28,123.44,55.53,177.943333333333
3364,336.48,159.78,215.15,177.28,123.44,55.53,177.943333333333
3365,220.68,275.89,330.62,61.43,110.35,59.08,176.341666666667
3366,220.68,275.89,330.62,61.43,110.35,59.08,176.341666666667
3367,234.15,309.64,,83,,,208.93
3368,234.15,309.64,,83,,,208.93
3369,172.74,149.61,,319.46,,,213.936666666667
3370,90.1,241.75,,328.84,,,220.23
3371,90.1,241.75,,328.84,,,220.23
3372,330.17,94.29,213.01,421.06,117.16,304.31,246.666666666667
3373,469.9,308.26,155.96,163.43,315.81,152.93,261.048333333333
3374,469.9,308.26,155.96,163.43,315.81,152.93,261.048333333333
3375,238.75,438.21,163.33,201.1,75.72,276.54,232.275
3376,400.16,197.73,,204.12,,,267.336666666667
3377,353.01,175.36,,178.28,,,235.55
3378,353.01,175.36,,178.28,,,235.55
3379,127.17,273.59,,146.5,,,182.42
3380,127.17,273.59,,146.5,,,182.42
3381,108.55,186.12,,83.04,,,125.903333333333
3382,108.55,186.12,,83.04,,,125.903333333333
3383,250.71,82.34,129.46,180.44,123.09,58.52,137.426666666667
3384,281.74,107.8,,190.1,,,193.213333333333
3385,281.74,107.8,,190.1,,,193.213333333333
3386,224.53,148.86,,76.28,,,149.89
3387,224.53,148.86,,76.28,,,149.89
3388,104.65,219.49,,323.81,,,215.983333333333
3389,104.65,219.49,,323.81,,,215.983333333333
3390,221.97,174.46,,393.46,,,263.296666666667
3391,245.74,147.38,72.54,387.18,186.38,201.47,206.781666666667
3392,108.63,203.72,360.84,115.59,262.5,158.46,201.623333333333
3393,278.6,66.09,,332.48,,,225.723333333333
3394,279.42,115.65,,171.12,,,188.73
3395,279.42,115.65,,171.12,,,188.73
3396,221.12,,,,,,221.12
3397,195.34,,,,,,195.34
3398,195.34,,,,,,195.34
3399,122.8,87.28,124.45,201.97,239.66,37.86,135.67
3400,122.8,87.28,124.45,201.97,239.66,37.86,135.67
3401,328,90.12,214.17,238.03,116.49,124.2,185.168333333333
3402,328,90.12,214.17,238.03,116.49,124.2,185.168333333333
3403,250.27,152.51,,100.17,,,167.65
3404,250.27,152.51,,100.17,,,167.65
3405,118.91,,,,,,118.91
3406,118.91,,,,,,118.91
3407,82.76,,,,,,82.76
3408,79.72,,,,,,79.72
3409,56.39,,,,,,56.39
3410,56.39,,,,,,56.39
3411,64.54,,,,,,64.54
3412,64.54,,,,,,64.54
3413,77.46,147.24,,78.2,,,100.966666666667
3414,77.46,147.24,,78.2,,,100.966666666667
3415,179.3,,,,,,179.3
3416,236.13,,,,,,236.13
3417,236.13,,,,,,236.13
3418,182.72,293.22,,114.64,,,196.86
3419,274.63,185.9,,91.7,,,184.076666666667
3420,231.74,,,,,,231.74
3421,175.13,,,,,,175.13
3422,175.13,,,,,,175.13
3423,95.14,162.53,,67.43,,,108.366666666667
3424,179.3,90.35,,89.24,,,119.63
3425,179.3,90.35,,89.24,,,119.63
3426,83.67,73.68,,154.8,,,104.05
3427,83.67,73.68,,154.8,,,104.05
3428,73.33,88.62,,159.05,,,107,00
3429,73.33,88.62,,159.05,,,107,00
3430,178.74,,,,,,178.74
3431,178.74,,,,,,178.74
3432,252.09,109.43,,145.42,,,168.98
3433,252.09,109.43,,145.42,,,168.98
3434,218.92,,,,,,218.92
3435,174.94,,,,,,174.94
3436,168.13,,,,,,168.13
3437,29.74,196.77,,167.12,,,131.21
3438,29.74,196.77,,167.12,,,131.21
3439,57.7,196.29,141.81,253.97,199.35,55.33,150.741666666667
3440,57.7,196.29,141.81,253.97,199.35,55.33,150.741666666667
3441,319.87,273.4,,46.46,,,213.243333333333
3442,273.12,131.71,330.01,145.14,56.91,201.68,189.761666666667
3443,273.12,131.71,330.01,145.14,56.91,201.68,189.761666666667
3444,254.65,145.52,77.08,118.7,331.63,221.76,191.556666666667
3445,254.65,145.52,77.08,118.7,331.63,221.76,191.556666666667
3446,70.18,231.71,140.32,301.17,210.04,106.44,176.643333333333
3447,194.73,260.35,,66.09,,,173.723333333333
3448,194.73,260.35,,66.09,,,173.723333333333
3449,145.1,,,,,,145.1
3450,80.99,,,,,,80.99
3451,80.99,,,,,,80.99
3452,147.04,185.7,,38.7,,,123.813333333333
3453,209.23,260.04,,51.11,,,173.46
3454,251.94,75.4,,180.37,,,169.236666666667
3455,294.72,185.96,,111.53,,,197.403333333333
3456,300.35,184.57,,116.9,,,200.606666666667
3457,300.35,184.57,,116.9,,,200.606666666667
3458,59.95,,,,,,59.95
3459,59.95,,,,,,59.95
3460,68.78,173.41,,241.86,,,161.35
3461,68.78,173.41,,241.86,,,161.35
3462,56.54,242.44,,185.94,,,161.64
3463,56.54,242.44,,185.94,,,161.64
3464,42.57,190.73,223.16,230.87,180.71,409,212.84
3465,42.57,190.73,223.16,230.87,180.71,409,212.84
3466,233.91,57.91,,176.08,,,155.966666666667
3467,233.91,57.91,,176.08,,,155.966666666667
3468,180.9,52.01,,232.9,,,155.27
3469,180.9,52.01,,232.9,,,155.27
3470,190.05,240.31,428.58,50.27,238.55,188.34,222.683333333333
3471,190.05,240.31,428.58,50.27,238.55,188.34,222.683333333333
3472,204.16,267.25,,63.16,,,178.19
3473,204.16,267.25,,63.16,,,178.19
3474,175.84,254.86,,79.23,,,169.976666666667
3475,109.09,38.9,,147.93,,,98.64
3476,109.09,38.9,,147.93,,,98.64
3477,59.48,226.04,,166.62,,,150.713333333333
3478,59.48,226.04,,166.62,,,150.713333333333
3479,50.92,,,,,,50.92
3480,190.07,53.83,,243.9,,,162.6
3481,175.54,62.38,,232.5,,,156.806666666667
3482,64.71,174.5,,234.79,,,158,00
3483,63.83,174.68,,234.62,,,157.71
3484,60.12,174.21,,230.56,,,154.963333333333
3485,59.14,241.78,,185.4,,,162.106666666667
3486,63.02,183.86,154.86,244.81,215.11,30.44,148.683333333333
3487,58.89,231.53,,175.05,,,155.156666666667
3488,58.89,231.53,,175.05,,,155.156666666667
3489,62.66,249.05,,188.08,,,166.596666666667
3490,62.66,249.05,,188.08,,,166.596666666667
3491,64.65,179.13,154.94,241.9,217.24,25.05,147.151666666667
3492,64.65,179.13,154.94,241.9,217.24,25.05,147.151666666667
3493,61.11,165.42,,224.29,,,150.273333333333
3494,63.98,159.13,,221.53,,,148.213333333333
3495,59.69,156.92,,215.49,,,144.033333333333
3496,59.69,156.92,,215.49,,,144.033333333333
3497,193.19,26.48,,219.49,,,146.386666666667
3498,198.99,,,,,,198.99
3499,198.99,,,,,,198.99
3500,221.81,,,,,,221.81
3501,221.81,,,,,,221.81
3502,322.21,58.61,,263.67,,,214.83
3503,367.53,82.81,301.28,285.28,71.24,218.5,221.106666666667
3504,290.6,397.57,91.52,107.07,202.82,309.79,233.228333333333
3505,290.6,397.57,91.52,107.07,202.82,309.79,233.228333333333
3506,377.57,281.76,74.17,96.06,312.62,216.68,226.476666666667
3507,377.57,281.76,74.17,96.06,312.62,216.68,226.476666666667
3508,210.74,283.8,,73.88,,,189.473333333333
3509,210.74,283.8,,73.88,,,189.473333333333
3510,157.8,,,,,,157.8
3511,107.03,202.93,,297.62,,,202.526666666667
3512,107.03,202.93,,297.62,,,202.526666666667
3513,148.95,246.3,,387.87,,,261.04
3514,148.95,246.3,,387.87,,,261.04
3515,183.27,479.46,,302.83,,,321.853333333333
3516,183.27,479.46,,302.83,,,321.853333333333
3517,223.47,,,,,,223.47
3518,218.9,,,,,,218.9
3519,195.37,,,,,,195.37
3520,195.37,,,,,,195.37
3540,175.38,,,,,,175.38
3544,240.36,,,,,,240.36
3560,425.7,,,,,,425.7
3561,425.7,,,,,,425.7
3562,406.01,,,,,,406.01
3563,406.01,,,,,,406.01
3564,373.43,,,,,,373.43
3565,373.43,,,,,,373.43
3566,362.41,,,,,,362.41
3567,361.67,,,,,,361.67
3568,359.8,,,,,,359.8
3569,359.8,,,,,,359.8
3570,368.19,,,,,,368.19
3571,368.19,,,,,,368.19
3572,426.78,,,,,,426.78
3573,426.78,,,,,,426.78
3636,101.65,,,,,,101.65
3637,101.65,,,,,,101.65
3638,381.2,,,,,,381.2
3639,298.22,86.27,,372.34,,,252.276666666667
3640,251.92,,,,,,251.92
3641,347.95,194.57,,156.53,,,233.016666666667
3642,317.48,,,,,,317.48
3643,317.48,,,,,,317.48
3645,218.32,,,,,,218.32
3646,218.32,,,,,,218.32
3655,161.89,,,,,,161.89
3658,149.49,,,,,,149.49
3659,143.11,,,,,,143.11
3660,148.04,,,,,,148.04
3661,148.04,,,,,,148.04
3663,193.88,,,,,,193.88
3664,219.36,,,,,,219.36
3665,219.36,,,,,,219.36
3666,274.77,,,,,,274.77
3667,274.77,,,,,,274.77
3668,315.63,,,,,,315.63
3669,315.63,,,,,,315.63
3670,209.9,,,,,,209.9
3671,119.54,,,,,,119.54
3672,119.54,,,,,,119.54
3673,86.21,133.09,,217.38,,,145.56
3675,96,,,,,,96,00
3676,121.7,,,,,,121.7
3679,234.09,,,,,,234.09
3680,234.09,,,,,,234.09
3681,264.9,,,,,,264.9
3682,104.54,,,,,,104.54
3683,259.61,,,,,,259.61
3684,275.73,,,,,,275.73
3685,266.6,,,,,,266.6
3686,266.6,,,,,,266.6
3687,247.67,,,,,,247.67
3688,247.67,,,,,,247.67
3689,301.41,,,,,,301.41
3690,137.97,275.24,,196.23,,,203.146666666667
3691,137.97,275.24,,196.23,,,203.146666666667
3692,142.57,145.14,,202.71,,,163.473333333333
3693,142.57,145.14,,202.71,,,163.473333333333
3694,153.45,,,,,,153.45
3697,170.44,,,,,,170.44
3698,181.97,,,,,,181.97
3699,181.97,,,,,,181.97
3700,179.68,,,,,,179.68
3701,179.68,,,,,,179.68
3703,278.8,,,,,,278.8
3704,305.13,,,,,,305.13
3709,300.06,,,,,,300.06
3710,254.18,319.82,,142.88,,,238.96
3711,254.18,319.82,,142.88,,,238.96
3712,274.96,169.49,,407.31,,,283.92
3713,274.96,169.49,,407.31,,,283.92
3714,263.1,408.43,,151.8,,,274.443333333333
3715,412.87,,,,,,412.87
3716,412.04,,,,,,412.04
3717,412.04,,,,,,412.04
3718,340.39,,,,,,340.39
3719,340.39,,,,,,340.39
3720,387.57,,,,,,387.57
3721,417.49,,,,,,417.49
3722,417.49,,,,,,417.49
3723,431.24,,,,,,431.24
3724,422.97,,,,,,422.97
3727,339.27,,,,,,339.27
3728,339.27,,,,,,339.27
3729,326.33,,,,,,326.33
3730,326.33,,,,,,326.33
3731,396.34,,,,,,396.34
3732,396.34,,,,,,396.34
3733,459.04,,,,,,459.04
3734,477.88,,,,,,477.88
3737,171.98,,,,,,171.98
3738,454.65,,,,,,454.65
3739,432.81,,,,,,432.81
3740,406.6,,,,,,406.6
3741,188.98,242.76,,384.4,,,272.046666666667
3742,188.98,242.76,,384.4,,,272.046666666667
3743,347.38,182.69,,167.38,,,232.483333333333
3744,184.64,,,,,,184.64
3745,184.64,,,,,,184.64
3746,288.99,,,,,,288.99
3747,288.99,,,,,,288.99
3750,180.88,,,,,,180.88
3751,180.88,,,,,,180.88
3765,69.67,,,,,,69.67
3771,100.68,,,,,,100.68
3817,332.4,,,,,,332.4
3818,374.88,195.86,,180.24,,,250.326666666667
3819,374.88,195.86,,180.24,,,250.326666666667
3820,237.53,,,,,,237.53
3821,459.7,278.64,,181.3,,,306.546666666667
3822,475.11,292.98,,182.15,,,316.746666666667
3823,476.82,295.19,,181.7,,,317.903333333333
3824,182.26,,,,,,182.26
3825,181.27,,,,,,181.27
3826,181.27,,,,,,181.27
3827,181.27,,,,,,181.27
3851,460.58,,,,,,460.58
3852,460.58,,,,,,460.58
3853,441.59,,,,,,441.59
3854,441.59,,,,,,441.59
3855,424.09,,,,,,424.09
3856,416.26,,,,,,416.26
3857,416.26,,,,,,416.26
3858,392.3,,,,,,392.3
3859,380.05,,,,,,380.05
3860,380.05,,,,,,380.05
3861,364.83,,,,,,364.83
3862,355.07,,,,,,355.07
3863,355.07,,,,,,355.07
3864,329.88,,,,,,329.88
3865,329.88,,,,,,329.88
3866,314.63,,,,,,314.63
3867,314.63,,,,,,314.63
3868,292.71,,,,,,292.71
3869,278.18,,,,,,278.18
3870,278.18,,,,,,278.18
3871,256.89,,,,,,256.89
3872,256.89,,,,,,256.89
3873,253.2,,,,,,253.2
3877,244.96,,,,,,244.96
3878,244.96,,,,,,244.96
3879,248.55,,,,,,248.55
3880,248.55,,,,,,248.55
3881,239.44,,,,,,239.44
3882,243.89,,,,,,243.89
3883,243.89,,,,,,243.89
3884,238.77,,,,,,238.77
3888,237.48,,,,,,237.48
3889,237.48,,,,,,237.48
3900,143.48,183,,81.96,,,136.146666666667
3901,143.48,183,,81.96,,,136.146666666667
3902,180.08,,,,,,180.08
3903,180.08,,,,,,180.08
3909,86.75,,,,,,86.75
3911,81.34,,,,,,81.34
3958,85.36,,,,,,85.36
3967,109.62,,,,,,109.62
3968,109.62,,,,,,109.62
3969,108.42,,,,,,108.42
3970,108.42,,,,,,108.42
3972,112.36,,,,,,112.36
3973,112.36,,,,,,112.36
3974,103.77,,,,,,103.77
3975,98.41,,,,,,98.41
3976,98.41,,,,,,98.41
3977,91.84,,,,,,91.84
3978,91.84,,,,,,91.84
3979,90.94,,,,,,90.94
3980,90.94,,,,,,90.94
3981,90.3,,,,,,90.3
3982,88.73,,,,,,88.73
3983,88.73,,,,,,88.73
4029,82.06,,,,,,82.06
4036,123.18,,,,,,123.18
4037,121.4,,,,,,121.4
4038,121.4,,,,,,121.4
4041,125.06,,,,,,125.06
4042,125.06,,,,,,125.06
4045,126.75,,,,,,126.75
4046,126.75,,,,,,126.75
4079,83.9,,,,,,83.9
4087,98.87,,,,,,98.87
4088,98.87,,,,,,98.87
4089,90.63,,,,,,90.63
4090,90.63,,,,,,90.63
4093,81.35,,,,,,81.35
4094,81.35,,,,,,81.35
4095,83.23,,,,,,83.23
4096,83.23,,,,,,83.23
4097,79.65,,,,,,79.65
4098,77.99,,,,,,77.99
4100,75.56,,,,,,75.56
4101,74.97,,,,,,74.97
4102,74.97,,,,,,74.97
4112,137.47,,,,,,137.47
4113,137.47,,,,,,137.47
4114,131.5,,,,,,131.5
4115,131.5,,,,,,131.5
4116,132.67,180.63,,72.22,,,128.506666666667
4117,132.67,180.63,,72.22,,,128.506666666667
4181,82.18,,,,,,82.18
4182,82.18,,,,,,82.18
4243,64.12,,,,,,64.12
4244,64.12,,,,,,64.12
4245,73.31,,,,,,73.31
4246,76.35,,,,,,76.35
4247,78.67,,,,,,78.67
4248,78.67,,,,,,78.67
4249,79.75,,,,,,79.75
4252,80.82,,,,,,80.82
4253,80.23,,,,,,80.23
4254,80.23,,,,,,80.23
4255,81.7,,,,,,81.7
4256,81.7,,,,,,81.7
4257,81.64,,,,,,81.64
4258,81.65,,,,,,81.65
4259,82.29,,,,,,82.29
4260,81.51,,,,,,81.51
4261,81.51,,,,,,81.51
4276,246.22,189.31,,64.13,,,166.553333333333
4277,246.22,189.31,,64.13,,,166.553333333333
4285,67.89,,,,,,67.89
4289,67.53,,,,,,67.53
4290,67.53,,,,,,67.53
4293,69.98,,,,,,69.98
4299,74.27,,,,,,74.27
4300,74.27,,,,,,74.27
4353,82.04,,,,,,82.04
