frame,person,x,y
2,1,0.9060,0.6463
3,1,0.9066,0.6434
4,1,0.9095,0.6394
5,1,0.9089,0.6419
6,1,0.9185,0.6457
7,1,0.9208,0.6485
8,1,0.9155,0.6434
8,2,0.2997,0.8121
9,1,0.8702,0.6357
9,2,0.4878,0.7903
10,1,0.8533,0.6449
12,1,0.9009,0.6519
13,1,0.9090,0.6189
14,1,0.9196,0.6563
15,1,0.9196,0.6563
16,1,0.9228,0.6520
17,1,0.9228,0.6520
18,1,0.9264,0.6495
21,1,0.9321,0.6376
22,1,0.9369,0.6083
23,1,0.9369,0.6083
24,1,0.9237,0.6589
25,1,0.9211,0.6694
26,1,0.9211,0.6694
27,1,0.9230,0.6504
28,1,0.9245,0.6705
29,1,0.9245,0.6705
30,1,0.9209,0.6773
31,1,0.9209,0.6773
32,1,0.9198,0.6787
33,1,0.9223,0.6816
34,1,0.9223,0.6816
35,1,0.9228,0.6860
36,1,0.9228,0.6860
37,1,0.9222,0.6776
38,1,0.9203,0.6765
39,1,0.9203,0.6765
40,1,0.9208,0.6824
41,1,0.9208,0.6824
42,1,0.9236,0.6632
46,1,0.9164,0.6787
47,1,0.9164,0.6787
48,1,0.9164,0.6787
53,1,0.8626,0.7512
54,1,0.8626,0.7512
55,1,0.8626,0.7512
56,1,0.7905,0.7400
57,1,0.6467,0.6817
57,2,0.9388,0.6480
58,1,0.6467,0.6817
58,2,0.9388,0.6480
59,1,0.6486,0.6869
59,2,0.9318,0.6519
60,1,0.6486,0.6869
60,2,0.9318,0.6519
61,1,0.7205,0.6693
61,2,0.9334,0.6442
62,1,0.7205,0.6693
62,2,0.9334,0.6442
63,1,0.7205,0.6693
63,2,0.9334,0.6442
64,1,0.7818,0.6331
64,2,0.9289,0.6379
65,1,0.8066,0.6453
65,2,0.9184,0.6231
66,1,0.8066,0.6453
66,2,0.9184,0.6231
67,1,0.8129,0.6486
67,2,0.9112,0.6446
68,1,0.8129,0.6486
68,2,0.9112,0.6446
69,1,0.8129,0.6486
69,2,0.9112,0.6446
70,1,0.9434,0.6515
70,2,0.8105,0.6496
71,1,0.9434,0.6515
71,2,0.8105,0.6496
72,1,0.8078,0.6672
73,1,0.8078,0.6672
74,1,0.8030,0.6545
75,1,0.7207,0.6529
76,1,0.6150,0.6710
77,1,0.6150,0.6710
78,1,0.4438,0.6903
78,2,0.9561,0.6629
79,1,0.4438,0.6903
79,2,0.9561,0.6629
80,1,0.2418,0.7234
81,1,0.1468,0.7556
82,1,0.1468,0.7556
83,1,0.1278,0.6726
83,2,0.9551,0.6785
84,1,0.0966,0.7289
85,1,0.0966,0.7289
86,1,0.0984,0.7625
87,1,0.0972,0.7226
88,1,0.0734,0.7655
89,1,0.0734,0.7655
90,1,0.0897,0.7563
91,1,0.1565,0.7466
92,1,0.1565,0.7466
93,1,0.1974,0.7349
94,1,0.1614,0.7622
95,1,0.1399,0.7563
96,1,0.1211,0.7195
97,1,0.1211,0.7195
98,1,0.1296,0.7517
99,1,0.1452,0.7362
100,1,0.1324,0.7388
101,1,0.1324,0.7388
102,1,0.0932,0.7234
103,1,0.1187,0.7303
104,1,0.1313,0.7104
105,1,0.1313,0.7104
106,1,0.1173,0.7326
107,1,0.1173,0.7326
108,1,0.1184,0.7360
109,1,0.1227,0.7364
110,1,0.1277,0.7348
111,1,0.1277,0.7348
112,1,0.1239,0.7326
113,1,0.1175,0.7489
114,1,0.1328,0.7498
115,1,0.1204,0.7444
115,2,0.9624,0.6636
116,1,0.1204,0.7444
116,2,0.9624,0.6636
117,1,0.1127,0.7410
117,2,0.9623,0.6846
118,1,0.1164,0.7440
119,1,0.1181,0.7462
120,1,0.1202,0.7295
121,1,0.1164,0.7315
122,1,0.1173,0.7266
123,1,0.1194,0.7248
124,1,0.1250,0.7255
125,1,0.1280,0.7215
126,1,0.1303,0.7153
127,1,0.1264,0.7128
128,1,0.1264,0.7128
129,1,0.1245,0.7158
130,1,0.1188,0.7358
131,1,0.1098,0.7416
132,1,0.1096,0.7453
133,1,0.1096,0.7453
134,1,0.1152,0.7398
135,1,0.1225,0.7298
135,2,0.9606,0.6236
136,1,0.1193,0.7528
136,2,0.9302,0.5928
137,1,0.1193,0.7528
137,2,0.9302,0.5928
138,1,0.1640,0.5926
138,2,0.8976,0.5114
139,1,0.1640,0.5926
139,2,0.8976,0.5114
140,1,0.1962,0.4736
140,2,0.8058,0.4736
141,1,0.2351,0.4372
142,1,0.2668,0.4036
142,2,0.6836,0.4683
143,1,0.3028,0.3752
143,2,0.6420,0.4574
144,1,0.5660,0.4597
144,2,0.3231,0.3654
145,1,0.5362,0.4441
145,2,0.3455,0.3584
145,3,0.8856,0.6210
146,1,0.8900,0.6196
146,2,0.5204,0.4230
146,3,0.3661,0.3493
147,1,0.8895,0.6179
148,1,0.8884,0.6203
149,1,0.8867,0.6185
150,1,0.8882,0.6199
150,2,0.4080,0.3375
151,1,0.8902,0.6218
151,2,0.4718,0.3319
152,1,0.8891,0.6195
153,1,0.8859,0.6229
154,1,0.8856,0.6209
155,1,0.8876,0.6239
155,2,0.4038,0.3453
155,3,0.4728,0.3451
156,1,0.8864,0.6183
156,2,0.3891,0.3522
156,3,0.4749,0.3582
157,1,0.8872,0.6199
158,1,0.8869,0.6207
158,2,0.4754,0.3575
159,1,0.8890,0.6222
159,2,0.5415,0.3668
159,3,0.3852,0.3633
160,1,0.5878,0.3911
160,2,0.4199,0.3613
161,1,0.6381,0.3887
161,2,0.8878,0.6262
161,3,0.4220,0.3599
161,4,0.5229,0.3967
162,1,0.6028,0.4031
162,2,0.4505,0.3571
162,3,0.6987,0.3985
163,1,0.6028,0.4031
163,2,0.4505,0.3571
163,3,0.6987,0.3985
164,1,0.5197,0.3594
164,2,0.7646,0.4134
165,1,0.5599,0.3629
166,1,0.5968,0.3658
167,1,0.6300,0.3724
168,1,0.6551,0.3776
169,1,0.6551,0.3776
170,1,0.7194,0.4494
170,2,0.8855,0.4442
171,1,0.8801,0.4463
171,2,0.7424,0.5322
172,1,0.8831,0.4306
173,1,0.8814,0.4321
174,1,0.8821,0.4360
176,1,0.8813,0.4234
178,1,0.7184,0.5257
179,1,0.7103,0.5164
180,1,0.7110,0.5157
181,1,0.7110,0.5157
183,1,0.7302,0.5036
184,1,0.7386,0.4941
189,1,0.7199,0.4436
190,1,0.7251,0.4380
190,2,0.9066,0.5937
191,1,0.7219,0.4299
191,2,0.9072,0.5930
192,1,0.7225,0.4332
192,2,0.9066,0.5897
193,1,0.7216,0.4310
193,2,0.9079,0.5901
194,1,0.7227,0.4311
194,2,0.9067,0.5905
195,1,0.7202,0.4316
195,2,0.9070,0.5888
196,1,0.7220,0.4430
197,1,0.7159,0.4383
198,1,0.7114,0.4363
199,1,0.7193,0.4337
199,2,0.9070,0.5891
200,1,0.7211,0.4412
200,2,0.9074,0.5898
201,1,0.7148,0.4430
202,1,0.7148,0.4430
203,1,0.9093,0.5903
204,1,0.9093,0.5903
205,1,0.9093,0.5903
206,1,0.9175,0.5873
206,2,0.7135,0.5372
207,1,0.9249,0.5942
207,2,0.8139,0.5122
208,1,0.9191,0.5839
208,2,0.7233,0.5310
208,3,0.8132,0.5100
209,1,0.9209,0.5890
210,1,0.9228,0.5889
211,1,0.8458,0.5539
212,1,0.7290,0.5254
212,2,0.8392,0.5501
213,1,0.8390,0.5534
214,1,0.8385,0.5509
215,1,0.8390,0.5530
216,1,0.8382,0.5488
217,1,0.8365,0.5502
218,1,0.8361,0.5550
219,1,0.8415,0.5526
220,1,0.8388,0.5529
221,1,0.8391,0.5514
221,2,0.7178,0.5235
223,1,0.9086,0.5817
224,1,0.6975,0.4359
225,1,0.5884,0.3832
226,1,0.5884,0.3832
227,1,0.4908,0.3721
227,2,0.9609,0.6057
227,3,0.8303,0.5511
228,1,0.4908,0.3721
228,2,0.9609,0.6057
228,3,0.8303,0.5511
229,1,0.4610,0.4345
230,1,0.4116,0.4806
231,1,0.3988,0.4821
232,1,0.3988,0.4821
233,1,0.3963,0.4789
234,1,0.3972,0.4800
234,2,0.7920,0.6630
235,1,0.3949,0.4862
236,1,0.7809,0.6717
237,1,0.7809,0.6717
238,1,0.7710,0.6480
238,2,0.5720,0.3588
238,3,0.3831,0.4874
238,4,0.9557,0.6092
239,1,0.7685,0.6466
239,2,0.4936,0.3574
239,3,0.9601,0.6079
240,1,0.7727,0.6543
241,1,0.7827,0.6503
242,1,0.7832,0.6451
243,1,0.7810,0.6424
244,1,0.7806,0.6444
245,1,0.7844,0.6393
246,1,0.7838,0.6383
246,2,0.9572,0.6082
247,1,0.7854,0.6368
247,2,0.9572,0.6070
248,1,0.7863,0.6411
248,2,0.9582,0.6062
249,1,0.7857,0.6416
249,2,0.9585,0.6068
250,1,0.7841,0.6422
250,2,0.9581,0.6071
251,1,0.7839,0.6435
252,1,0.7854,0.6443
252,2,0.9585,0.6074
253,1,0.7851,0.6418
253,2,0.9425,0.5849
254,1,0.7793,0.6374
254,2,0.9456,0.5691
255,1,0.7793,0.6374
255,2,0.9456,0.5691
256,1,0.7781,0.6408
256,2,0.9438,0.5830
257,1,0.7688,0.6566
257,2,0.9255,0.5845
258,1,0.8702,0.5314
258,2,0.7414,0.7002
258,3,0.3571,0.3691
259,1,0.8200,0.4997
260,1,0.2214,0.4021
260,2,0.7651,0.4519
260,3,0.6779,0.7564
260,4,0.3598,0.3517
261,1,0.6027,0.4298
261,2,0.3262,0.3863
262,1,0.2915,0.4076
262,2,0.5092,0.4481
262,3,0.5967,0.7611
263,1,0.4141,0.4599
263,2,0.5759,0.7479
263,3,0.2648,0.4307
264,1,0.2205,0.4521
264,2,0.3351,0.4783
264,3,0.5548,0.7286
265,1,0.4938,0.5543
265,2,0.1914,0.5453
265,3,0.1099,0.5107
266,1,0.4938,0.5543
266,2,0.1914,0.5453
266,3,0.1099,0.5107
267,1,0.3618,0.6339
267,2,0.0688,0.6261
268,1,0.0348,0.6729
268,2,0.1945,0.7094
272,1,0.0700,0.6572
273,1,0.0665,0.6562
274,1,0.0468,0.6582
275,1,0.0468,0.6582
283,1,0.0469,0.6584
284,1,0.0503,0.6560
285,1,0.0529,0.6581
286,1,0.0523,0.6618
287,1,0.0523,0.6618
288,1,0.0523,0.6618
299,1,0.0872,0.6621
306,1,0.1267,0.4135
307,1,0.1267,0.4135
308,1,0.1261,0.4142
310,1,0.1339,0.4107
311,1,0.1391,0.4183
312,1,0.1290,0.4327
313,1,0.1257,0.4263
314,1,0.1204,0.4267
316,1,0.1886,0.4048
317,1,0.1864,0.4068
317,2,0.0755,0.7245
318,1,0.0898,0.7381
318,2,0.2046,0.4051
319,1,0.1945,0.4054
320,1,0.1945,0.4054
321,1,0.1951,0.5885
322,1,0.1951,0.5885
324,1,0.0662,0.4695
325,1,0.0662,0.4695
326,1,0.4322,0.3517
326,2,0.1883,0.4147
326,3,0.3143,0.4027
327,1,0.2453,0.3903
327,2,0.4824,0.3528
327,3,0.3732,0.3749
328,1,0.3304,0.3787
328,2,0.5637,0.3671
329,1,0.3304,0.3787
329,2,0.5637,0.3671
330,1,0.6626,0.4063
330,2,0.4080,0.3667
330,3,0.5369,0.3814
331,1,0.6832,0.4336
331,2,0.5517,0.3894
331,3,0.4210,0.3684
332,1,0.7057,0.4407
332,2,0.5660,0.3908
332,3,0.4640,0.3715
333,1,0.7115,0.4393
333,2,0.5282,0.3757
334,1,0.7111,0.4393
334,2,0.5600,0.3874
335,1,0.7111,0.4393
335,2,0.5600,0.3874
336,1,0.7106,0.4372
336,2,0.5645,0.3853
337,1,0.7106,0.4380
337,2,0.5656,0.3864
338,1,0.5534,0.3799
338,2,0.7037,0.4392
339,1,0.5563,0.3848
339,2,0.7069,0.4180
340,1,0.5579,0.3812
341,1,0.5591,0.3773
342,1,0.5598,0.3779
343,1,0.5570,0.3800
344,1,0.5570,0.3800
345,1,0.5576,0.3806
347,1,0.5857,0.3624
349,1,0.7083,0.4204
350,1,0.5499,0.4517
352,1,0.4936,0.4455
352,2,0.5701,0.3886
353,1,0.4785,0.4294
354,1,0.4785,0.4407
354,2,0.6787,0.4026
355,1,0.4886,0.4831
355,2,0.6789,0.4281
355,3,0.5712,0.4276
356,1,0.5038,0.4817
356,2,0.6836,0.4249
356,3,0.5663,0.4276
357,1,0.6832,0.4235
357,2,0.4995,0.4700
357,3,0.5672,0.4121
358,1,0.6817,0.4151
359,1,0.6871,0.4222
359,2,0.4998,0.4658
360,1,0.5293,0.3818
361,1,0.4971,0.4080
362,1,0.4971,0.4080
363,1,0.8109,0.4039
363,2,0.6204,0.3836
363,3,0.4838,0.4097
364,1,0.8244,0.3981
364,2,0.6329,0.3678
364,3,0.4428,0.4083
365,1,0.7851,0.4648
365,2,0.4524,0.3953
365,3,0.6300,0.3797
366,1,0.4707,0.4350
366,2,0.7335,0.4581
366,3,0.6242,0.4049
367,1,0.7163,0.4362
367,2,0.4746,0.4530
367,3,0.6190,0.4147
368,1,0.7166,0.4420
368,2,0.4726,0.4459
368,3,0.6246,0.4101
369,1,0.7052,0.4374
369,2,0.4694,0.4366
369,3,0.6218,0.4065
370,1,0.4624,0.4506
370,2,0.7137,0.4376
370,3,0.6222,0.4066
371,1,0.6880,0.4422
371,2,0.4655,0.4462
372,1,0.4785,0.4295
372,2,0.6434,0.4270
373,1,0.6001,0.4171
373,2,0.4590,0.4177
374,1,0.5860,0.4023
374,2,0.4255,0.4179
375,1,0.6034,0.4387
375,2,0.4084,0.4212
376,1,0.3094,0.4226
376,2,0.5242,0.3921
376,3,0.6231,0.4414
376,4,0.3891,0.4244
377,1,0.3094,0.4226
377,2,0.5242,0.3921
377,3,0.6231,0.4414
377,4,0.3891,0.4244
378,1,0.5680,0.4014
379,1,0.3446,0.4398
379,2,0.5638,0.3992
380,1,0.3083,0.4291
381,1,0.2994,0.4376
381,2,0.3686,0.4074
382,1,0.3473,0.4090
382,2,0.5826,0.4402
383,1,0.3473,0.4090
383,2,0.5826,0.4402
384,1,0.3013,0.4160
384,2,0.4101,0.3805
385,1,0.3013,0.4160
385,2,0.4101,0.3805
386,1,0.3629,0.4612
387,1,0.3629,0.4612
388,1,0.3526,0.4517
388,2,0.5543,0.4504
389,1,0.3588,0.4506
390,1,0.3588,0.4506
391,1,0.3499,0.4514
391,2,0.4180,0.4388
392,1,0.3457,0.4477
392,2,0.4179,0.4209
393,1,0.3417,0.4446
393,2,0.4671,0.3835
393,3,0.5548,0.4367
394,1,0.3362,0.4397
394,2,0.5534,0.4274
394,3,0.4644,0.3908
395,1,0.3362,0.4397
395,2,0.5534,0.4274
395,3,0.4644,0.3908
396,1,0.3249,0.4339
396,2,0.5537,0.4245
396,3,0.4666,0.3827
397,1,0.3161,0.4310
397,2,0.4668,0.3813
397,3,0.5642,0.4317
398,1,0.3016,0.4333
398,2,0.4658,0.3817
398,3,0.5636,0.4306
399,1,0.2812,0.4320
399,2,0.4663,0.3845
399,3,0.5655,0.4340
400,1,0.4525,0.3828
400,2,0.5634,0.4215
400,3,0.2760,0.4363
401,1,0.4758,0.3754
401,2,0.2759,0.4370
401,3,0.5682,0.4205
402,1,0.5688,0.4273
402,2,0.2775,0.4436
402,3,0.4744,0.3682
403,1,0.2749,0.4464
403,2,0.4765,0.3704
403,3,0.5707,0.4108
404,1,0.2626,0.4482
404,2,0.4799,0.3681
404,3,0.5700,0.4187
405,1,0.2426,0.4598
405,2,0.5697,0.4228
405,3,0.4761,0.3652
406,1,0.5698,0.4232
406,2,0.4752,0.3635
406,3,0.2330,0.4651
407,1,0.4648,0.4075
407,2,0.2347,0.4688
408,1,0.4447,0.3851
408,2,0.5530,0.4491
408,3,0.2354,0.4679
409,1,0.4447,0.3851
409,2,0.5530,0.4491
409,3,0.2354,0.4679
410,1,0.5330,0.4690
410,2,0.2349,0.4698
410,3,0.4505,0.4406
411,1,0.5338,0.4629
411,2,0.4495,0.4406
411,3,0.2345,0.4668
412,1,0.5324,0.4691
412,2,0.2348,0.4658
412,3,0.4483,0.4428
413,1,0.5192,0.4667
413,2,0.4460,0.4422
413,3,0.2350,0.4646
414,1,0.5192,0.4667
414,2,0.4460,0.4422
414,3,0.2350,0.4646
415,1,0.2419,0.4653
415,2,0.5338,0.4802
416,1,0.2443,0.4617
416,2,0.5364,0.4770
417,1,0.2434,0.4575
417,2,0.5399,0.4681
418,1,0.2480,0.4569
418,2,0.4476,0.3904
419,1,0.2584,0.5047
419,2,0.4567,0.5220
420,1,0.2620,0.5211
420,2,0.4434,0.4397
420,3,0.6410,0.4357
420,4,0.5337,0.4114
421,1,0.2620,0.5211
421,2,0.4434,0.4397
421,3,0.6410,0.4357
421,4,0.5337,0.4114
422,1,0.2694,0.5352
422,2,0.4015,0.3859
422,3,0.5502,0.4060
423,1,0.2696,0.5379
423,2,0.6413,0.4406
423,3,0.5449,0.4041
423,4,0.4218,0.4156
424,1,0.6517,0.4206
424,2,0.2682,0.5358
424,3,0.4203,0.4181
424,4,0.5233,0.4166
425,1,0.6409,0.4311
425,2,0.2658,0.5344
425,3,0.5394,0.3881
425,4,0.4164,0.4164
426,1,0.6440,0.4379
426,2,0.2666,0.5311
426,3,0.4159,0.4288
426,4,0.5039,0.3976
427,1,0.6368,0.4401
427,2,0.2695,0.5336
427,3,0.5080,0.3875
428,1,0.4163,0.3790
428,2,0.2665,0.5301
428,3,0.6086,0.4483
429,1,0.2655,0.5303
429,2,0.6039,0.4523
429,3,0.4139,0.3940
430,1,0.2574,0.5275
430,2,0.6051,0.4395
430,3,0.3974,0.3922
430,4,0.5181,0.4049
431,1,0.2541,0.5145
431,2,0.6291,0.4444
431,3,0.5456,0.3957
431,4,0.4196,0.3901
432,1,0.2514,0.4705
432,2,0.5302,0.3952
432,3,0.6314,0.4299
432,4,0.4195,0.3800
433,1,0.2542,0.4506
433,2,0.4225,0.4470
434,1,0.3474,0.4797
434,2,0.6164,0.4736
434,3,0.5205,0.4799
435,1,0.6106,0.4803
435,2,0.3618,0.4750
435,3,0.5253,0.4846
436,1,0.6098,0.4754
436,2,0.3578,0.4716
436,3,0.5247,0.4816
437,1,0.6075,0.4734
437,2,0.3567,0.4753
437,3,0.5253,0.4775
438,1,0.6072,0.4740
438,2,0.3617,0.4799
438,3,0.5271,0.4762
439,1,0.6072,0.4740
439,2,0.3617,0.4799
439,3,0.5271,0.4762
440,1,0.6093,0.4734
440,2,0.3605,0.4800
440,3,0.5258,0.4762
441,1,0.6048,0.4732
441,2,0.3392,0.4649
442,1,0.6048,0.4732
442,2,0.3392,0.4649
443,1,0.3161,0.4457
443,2,0.4193,0.4471
443,3,0.6079,0.4691
443,4,0.5372,0.4245
444,1,0.3137,0.4444
444,2,0.4178,0.4535
444,3,0.5569,0.4280
445,1,0.3332,0.4342
445,2,0.4343,0.4339
445,3,0.5727,0.4050
446,1,0.3467,0.4193
446,2,0.4381,0.4142
446,3,0.5386,0.4085
447,1,0.3467,0.4193
447,2,0.4381,0.4142
447,3,0.5386,0.4085
448,1,0.3330,0.4219
448,2,0.4217,0.4057
449,1,0.5571,0.3991
449,2,0.4128,0.4045
449,3,0.3441,0.4181
450,1,0.5571,0.3991
450,2,0.4128,0.4045
450,3,0.3441,0.4181
451,1,0.3875,0.4074
451,2,0.5342,0.4009
452,1,0.3875,0.4074
452,2,0.5342,0.4009
453,1,0.6207,0.4507
453,2,0.5201,0.4063
453,3,0.4090,0.3965
454,1,0.6215,0.4485
454,2,0.5445,0.4026
455,1,0.6062,0.4653
455,2,0.4217,0.4035
456,1,0.5947,0.4665
456,2,0.3902,0.4159
456,3,0.4169,0.4069
457,1,0.6048,0.4799
457,2,0.3951,0.4453
458,1,0.6048,0.4799
458,2,0.3951,0.4453
459,1,0.6048,0.4799
459,2,0.3951,0.4453
460,1,0.6107,0.4656
461,1,0.4368,0.4080
462,1,0.4368,0.4080
463,1,0.4492,0.4000
464,1,0.4442,0.4000
464,2,0.6086,0.4597
465,1,0.6056,0.4588
465,2,0.4524,0.4066
467,1,0.6092,0.4608
468,1,0.5618,0.4573
468,2,0.4284,0.4375
469,1,0.5182,0.5299
469,2,0.4294,0.4130
473,1,0.4060,0.6024
481,1,0.3806,0.6300
482,1,0.3806,0.6300
483,1,0.4498,0.5611
483,2,0.3481,0.5965
485,1,0.4241,0.5822
486,1,0.4020,0.5644
486,2,0.3098,0.5987
489,1,0.3295,0.5615
507,1,0.4159,0.5726
508,1,0.4159,0.5726
524,1,0.3561,0.4271
525,1,0.3534,0.4243
526,1,0.3499,0.4137
528,1,0.3241,0.4361
528,2,0.4343,0.4182
529,1,0.3241,0.4361
529,2,0.4343,0.4182
530,1,0.4085,0.4167
531,1,0.3139,0.4164
531,2,0.4243,0.4109
532,1,0.4621,0.4182
532,2,0.3606,0.4157
533,1,0.5040,0.4180
533,2,0.4071,0.4288
534,1,0.5040,0.4180
534,2,0.4071,0.4288
535,1,0.5366,0.4754
535,2,0.6372,0.4797
536,1,0.6460,0.4499
536,2,0.7834,0.4445
537,1,0.6460,0.4499
537,2,0.7834,0.4445
539,1,0.5133,0.3966
539,2,0.4192,0.3812
540,1,0.5133,0.3966
540,2,0.4192,0.3812
541,1,0.3115,0.4339
541,2,0.2060,0.4308
542,1,0.3368,0.4573
542,2,0.1943,0.4785
543,1,0.2478,0.4733
543,2,0.3863,0.4600
544,1,0.4443,0.4434
544,2,0.3349,0.4686
545,1,0.2979,0.4376
545,2,0.4477,0.4490
546,1,0.3145,0.4396
546,2,0.4104,0.4423
547,1,0.3145,0.4396
547,2,0.4104,0.4423
548,1,0.4440,0.4242
549,1,0.2706,0.4374
549,2,0.3815,0.4272
550,1,0.1782,0.4352
550,2,0.3235,0.4437
551,1,0.1782,0.4352
551,2,0.3235,0.4437
552,1,0.1782,0.4352
552,2,0.3235,0.4437
553,1,0.1006,0.4923
553,2,0.1989,0.4681
554,1,0.2200,0.5208
554,2,0.3705,0.5040
555,1,0.4969,0.4563
555,2,0.3998,0.4785
556,1,0.4969,0.4563
556,2,0.3998,0.4785
557,1,0.4225,0.4009
558,1,0.3260,0.4142
559,1,0.0923,0.4790
560,1,0.1516,0.4774
560,2,0.2913,0.4938
561,1,0.4044,0.4877
561,2,0.2018,0.5293
562,1,0.4044,0.4877
562,2,0.2018,0.5293
563,1,0.4306,0.4906
563,2,0.5884,0.4525
564,1,0.5556,0.4222
564,2,0.4527,0.4292
565,1,0.3338,0.4004
566,1,0.3338,0.4004
567,1,0.3751,0.4680
567,2,0.2079,0.3539
568,1,0.3520,0.4652
568,2,0.5207,0.3076
569,1,0.3610,0.4641
569,2,0.5108,0.2956
570,1,0.3667,0.4518
571,1,0.3629,0.4420
572,1,0.3555,0.4365
573,1,0.3446,0.4190
574,1,0.3869,0.4358
575,1,0.4955,0.5965
576,1,0.5119,0.4461
576,2,0.6892,0.6090
577,1,0.5811,0.4782
577,2,0.8351,0.4596
578,1,0.6055,0.4646
578,2,0.8194,0.4165
579,1,0.6359,0.4648
579,2,0.7660,0.3619
580,1,0.7241,0.4448
581,1,0.7824,0.4223
582,1,0.7824,0.4223
583,1,0.7903,0.3706
583,2,0.3526,0.3037
584,1,0.7903,0.3706
584,2,0.3526,0.3037
585,1,0.6931,0.3373
586,1,0.6916,0.3367
589,1,0.7020,0.3473
590,1,0.7020,0.3473
591,1,0.7194,0.3451
592,1,0.7216,0.3473
593,1,0.7249,0.3549
594,1,0.7249,0.3549
595,1,0.7246,0.3556
596,1,0.7243,0.3574
597,1,0.7244,0.3606
598,1,0.7235,0.3717
599,1,0.7241,0.3851
600,1,0.7241,0.3851
601,1,0.7166,0.3895
602,1,0.7166,0.3895
603,1,0.7166,0.3895
604,1,0.7183,0.3884
605,1,0.7196,0.3877
606,1,0.7190,0.3897
606,2,0.1127,0.6118
607,1,0.7203,0.3877
608,1,0.7206,0.3885
608,2,0.1211,0.5971
609,1,0.7205,0.3848
609,2,0.1248,0.6071
610,1,0.7205,0.3848
610,2,0.1248,0.6071
611,1,0.7212,0.3797
611,2,0.1242,0.6047
612,1,0.7230,0.3794
613,1,0.7232,0.3847
614,1,0.7223,0.3837
614,2,0.1403,0.6065
615,1,0.7223,0.3837
615,2,0.1403,0.6065
616,1,0.7210,0.3842
616,2,0.1428,0.6012
617,1,0.7209,0.3821
618,1,0.7217,0.3833
618,2,0.1503,0.5978
619,1,0.7217,0.3833
619,2,0.1503,0.5978
620,1,0.7220,0.3831
620,2,0.1695,0.5880
621,1,0.7220,0.3831
621,2,0.1695,0.5880
622,1,0.7216,0.3842
623,1,0.7204,0.3839
624,1,0.7193,0.3843
624,2,0.1909,0.5850
625,1,0.7194,0.3836
625,2,0.1874,0.6007
626,1,0.7193,0.3827
626,2,0.1954,0.5867
627,1,0.7191,0.3843
627,2,0.1953,0.5816
628,1,0.7220,0.3802
628,2,0.2039,0.5956
629,1,0.7228,0.3811
629,2,0.2054,0.5833
630,1,0.7225,0.3825
630,2,0.2027,0.5777
631,1,0.7214,0.3817
631,2,0.2126,0.5783
632,1,0.7211,0.3813
632,2,0.2108,0.5759
633,1,0.7208,0.3818
633,2,0.2239,0.5715
634,1,0.7209,0.3812
634,2,0.2314,0.5641
635,1,0.7209,0.3812
635,2,0.2314,0.5641
636,1,0.7253,0.3814
636,2,0.2270,0.5736
637,1,0.7253,0.3814
637,2,0.2270,0.5736
638,1,0.7209,0.3797
638,2,0.2295,0.5586
639,1,0.7217,0.3811
639,2,0.2403,0.5565
640,1,0.7225,0.3803
640,2,0.2432,0.5816
641,1,0.7221,0.3814
641,2,0.2447,0.5739
642,1,0.7221,0.3814
642,2,0.2447,0.5739
643,1,0.7217,0.3803
644,1,0.7216,0.3802
645,1,0.7214,0.3803
645,2,0.2535,0.5598
646,1,0.7214,0.3803
646,2,0.2535,0.5598
647,1,0.7179,0.3827
647,2,0.2541,0.5764
648,1,0.7179,0.3827
648,2,0.2541,0.5764
649,1,0.7195,0.3832
649,2,0.2627,0.5753
650,1,0.7204,0.3849
650,2,0.2658,0.5709
651,1,0.7187,0.3863
651,2,0.2689,0.5597
652,1,0.7205,0.3853
652,2,0.2641,0.5439
653,1,0.7225,0.3867
653,2,0.2772,0.5672
654,1,0.7223,0.3882
654,2,0.2742,0.5841
655,1,0.7222,0.3886
655,2,0.2774,0.5788
656,1,0.7223,0.3892
656,2,0.2843,0.5770
657,1,0.7218,0.3886
657,2,0.2800,0.5657
658,1,0.7218,0.3886
658,2,0.2800,0.5657
659,1,0.7230,0.3878
659,2,0.2943,0.5693
660,1,0.7225,0.3810
660,2,0.2920,0.5805
661,1,0.7174,0.3803
661,2,0.2970,0.5698
662,1,0.7213,0.3795
662,2,0.3055,0.5660
663,1,0.7209,0.3800
663,2,0.3247,0.5784
664,1,0.7216,0.3816
664,2,0.3247,0.5709
665,1,0.7164,0.3807
665,2,0.3346,0.5685
666,1,0.7202,0.3798
666,2,0.3431,0.5769
667,1,0.7208,0.3800
667,2,0.3463,0.5706
668,1,0.7214,0.3828
668,2,0.3560,0.5783
669,1,0.7201,0.3830
669,2,0.3660,0.5731
670,1,0.7194,0.3838
670,2,0.3825,0.5715
671,1,0.7165,0.3847
671,2,0.3944,0.5702
672,1,0.7197,0.3846
672,2,0.4001,0.5666
673,1,0.7197,0.3846
673,2,0.4001,0.5666
674,1,0.7124,0.3830
675,1,0.7143,0.3831
676,1,0.7195,0.3826
677,1,0.7198,0.3836
678,1,0.7194,0.3844
679,1,0.7202,0.3847
680,1,0.7202,0.3847
681,1,0.7182,0.3831
681,2,0.5416,0.3483
682,1,0.7182,0.3831
682,2,0.5416,0.3483
683,1,0.7188,0.3846
683,2,0.5615,0.3953
684,1,0.7183,0.3849
684,2,0.5545,0.4163
685,1,0.4543,0.5509
685,2,0.7205,0.3872
686,1,0.4543,0.5509
686,2,0.7205,0.3872
687,1,0.2706,0.7176
687,2,0.7181,0.3862
688,1,0.7187,0.3873
689,1,0.7184,0.3872
690,1,0.7184,0.3872
691,1,0.7181,0.3867
692,1,0.7185,0.3872
693,1,0.7188,0.3882
694,1,0.7194,0.3879
695,1,0.7200,0.3883
696,1,0.7190,0.3864
697,1,0.7183,0.3879
698,1,0.7180,0.3882
699,1,0.7184,0.3878
700,1,0.7180,0.3889
701,1,0.7198,0.3879
702,1,0.7191,0.3894
703,1,0.7175,0.3904
704,1,0.7185,0.3902
705,1,0.7185,0.3902
706,1,0.7189,0.3899
707,1,0.7187,0.3902
707,2,0.5889,0.5624
708,1,0.7183,0.3895
709,1,0.7184,0.3877
709,2,0.5778,0.5377
710,1,0.7182,0.3908
710,2,0.5930,0.5458
711,1,0.7199,0.3908
712,1,0.7200,0.3908
713,1,0.7200,0.3908
714,1,0.7199,0.3860
714,2,0.5895,0.5403
715,1,0.7188,0.3893
715,2,0.3532,0.3206
715,3,0.5935,0.5304
716,1,0.7187,0.3898
716,2,0.3668,0.3161
716,3,0.6188,0.5585
717,1,0.7183,0.3899
717,2,0.3713,0.3229
718,1,0.7182,0.3867
719,1,0.7182,0.3862
719,2,0.3597,0.3374
720,1,0.7180,0.3879
720,2,0.3481,0.3453
721,1,0.7180,0.3879
721,2,0.3481,0.3453
722,1,0.7181,0.3882
722,2,0.3368,0.3853
723,1,0.3019,0.3884
723,2,0.7195,0.3868
724,1,0.7191,0.3876
724,2,0.2422,0.3987
725,1,0.1674,0.4084
725,2,0.7197,0.3836
726,1,0.0878,0.4208
726,2,0.7215,0.3825
727,1,0.7186,0.3882
728,1,0.7182,0.3879
729,1,0.7182,0.3879
730,1,0.7212,0.3891
731,1,0.7215,0.3911
732,1,0.7201,0.3912
733,1,0.7220,0.3879
734,1,0.7241,0.3878
734,2,0.6578,0.5591
735,1,0.7244,0.3884
735,2,0.6555,0.5561
736,1,0.7223,0.3862
737,1,0.7223,0.3862
738,1,0.7204,0.3900
739,1,0.7186,0.3909
740,1,0.7186,0.3909
741,1,0.7206,0.3911
742,1,0.7209,0.3912
743,1,0.7210,0.3899
744,1,0.7219,0.3917
745,1,0.7208,0.3904
746,1,0.7208,0.3904
747,1,0.7168,0.3896
748,1,0.7147,0.3894
749,1,0.7147,0.3894
750,1,0.7154,0.3986
751,1,0.7202,0.4011
752,1,0.7132,0.4029
753,1,0.7132,0.4029
754,1,0.7127,0.3956
755,1,0.7162,0.4018
757,1,0.7203,0.3999
758,1,0.7156,0.3980
759,1,0.7118,0.3922
760,1,0.7117,0.3939
761,1,0.7120,0.3967
762,1,0.7135,0.3982
763,1,0.7127,0.3943
765,1,0.7172,0.3932
772,1,0.7087,0.3965
774,1,0.7135,0.3959
775,1,0.7215,0.3974
776,1,0.7225,0.4045
777,1,0.7231,0.4010
778,1,0.7258,0.4045
779,1,0.7263,0.4072
780,1,0.7247,0.3996
781,1,0.7274,0.3894
782,1,0.7271,0.4045
783,1,0.7271,0.4045
784,1,0.7278,0.4079
785,1,0.7269,0.4095
786,1,0.7242,0.4002
787,1,0.7359,0.3906
788,1,0.7372,0.4047
789,1,0.7363,0.3847
790,1,0.7293,0.3939
791,1,0.7304,0.3821
792,1,0.7306,0.3901
793,1,0.7349,0.3914
794,1,0.7294,0.3929
795,1,0.7305,0.3942
796,1,0.7286,0.3908
801,1,0.7136,0.4866
802,1,0.7136,0.4866
803,1,0.7130,0.4534
804,1,0.7132,0.4730
805,1,0.7069,0.4665
806,1,0.7261,0.4564
816,1,0.0573,0.4085
817,1,0.1273,0.4008
817,2,0.7026,0.3964
818,1,0.2030,0.3902
818,2,0.7006,0.3926
819,1,0.2030,0.3902
819,2,0.7006,0.3926
820,1,0.3389,0.3773
821,1,0.3984,0.3718
821,2,0.7092,0.3792
822,1,0.4574,0.3660
823,1,0.5098,0.3615
823,2,0.7019,0.3836
824,1,0.7005,0.3785
824,2,0.5633,0.3576
825,1,0.7008,0.3861
826,1,0.6392,0.3529